UWI,BHT_Depth,BHT_Value,Formation,Top,Bottom,Lat,Long,True_Temp_C,Field,SPR,GRWS,DRESWS,CONDWS,CALWS,Set
42013301410000,12222.5,61.66666666666667,15_Glen_Rose_MD_ft,10796.27,12251.06,28.6901008299999,-98.46981655,141.55555555555557,Eaglebine,-136.43815999999998,18.52006666666667,66.78990333333334,49.594069999999995,14.05176666666667,Training
42013301930000,10396.0,107.22222222222223,12_Del_Rio_MD_ft,10366.0,10405.21,28.780042224067,-98.2083955137852,132.778,Eaglebine,-40.0903,,,,,Training
42013302760000,5733.0,65.55555555555556,05_Anacacho_MD_ft,5521.92,5758.25,28.9948095494857,-98.4227665767187,89.16111111111113,Eaglebine,-28.954439999999998,62.142700000000005,3.3849599999999995,304.81998,10.28462,Training
42013305480000,7806.000000000001,76.66666666666667,08_Lower_Eagle_Ford_MD_ft,7735.83,7807.0,28.9633949922499,-98.2959612184263,107.96111111111112,Eaglebine,-44.27525,106.06205,30.03665,33.515750000000004,8.38865,Training
42013310190000,10509.48,98.8888888888889,13_Georgetown_MD_ft,10503.75,10566.88,28.8179388299999,-98.1554722599999,133.72222222222223,Eaglebine,-52.0281,,,,,Training
42013311740000,10340.47,118.33333333333334,07_Upper_Eagle_Ford_MD_ft,10327.25,10368.42,28.81926938,-98.15135558,132.56666666666666,Eaglebine,-0.4636,50.6577,12.4349,80.4188,11.225,Training
42013312950000,6167.0,62.77777777777778,06_Austin_Chalk_MD_ft,6165.83,6351.01,28.9279149720269,-98.5774668802826,92.80555555555557,Eaglebine,-9.7743,33.700625,17.645325,69.3187,9.520975,Training
42013313140000,8152.0,85.0,07_Upper_Eagle_Ford_MD_ft,8128.54,8159.06,28.6940472559926,-98.7658608811644,111.67222222222222,Eaglebine,-42.7034,,,,,Training
42013313780000,6170.25,65.0,01_Wilcox_MD_ft,,6510.33,28.8513745425209,-98.7721591425097,93.42222222222223,Eaglebine,-20.93702868852459,,,,,Training
42013325590000,2055.0,37.77777777777778,01_Wilcox_MD_ft,,4504.5,28.9866808381823,-98.7030440947755,49.9,Eaglebine,-20.693287058823536,,,,,Training
42013326640000,10486.6,110.0,11_Buda_MD_ft,10422.33,10494.0,28.8254925275312,-98.1492394489409,138.61111110000002,Eaglebine,-87.6718,,,,,Training
42013332560000,10585.0,96.66666666666667,18_Sligo_MD_ft,10444.04,,28.9076430615904,-98.4473375837141,129.4777777777778,Eaglebine,-93.52340909090908,,,,,Training
42013339790000,10534.0,116.66666666666667,11_Buda_MD_ft,10467.0,10547.5,28.8263138028426,-98.1422911993867,134.1888888888889,Eaglebine,-51.1067,22.0052,191.6962,5.2166,10.3436,Training
42013340230000,9238.6,90.55555555555556,11_Buda_MD_ft,9191.4,9290.13,28.877433661859,-98.2410545022832,120.83333333333334,Eaglebine,-44.43075,20.50645,106.951,9.8467,13.36755,Training
42013340590000,10569.0,120.55555555555556,13_Georgetown_MD_ft,10436.95,,28.78340173,-98.21680209,133.2,Eaglebine,-130.3356090909091,28.36658,613.707609090909,81.20804545454546,8.436790909090911,Training
42025304380000,3073.0,54.44444444444445,04_Taylor_MD_ft,,5980.83,28.6871848271637,-97.928532817183,65.55555556,Eaglebine,-39.069371052631595,64.21913469387755,1.6220394736842096,831.9170447368421,10.297037500000002,Training
42025324790000,13523.5,145.55555555555557,14_Edwards_MD_ft,13109.79,5621.94,28.66652429,-98.0196573,159.71111111111114,Eaglebine,,,,,,Training
42041303360000,8886.5,96.11111111111111,09_Woodbine_MD_ft,8859.47,9364.13,30.7161043353271,-96.2580043906544,118.92222222222223,Eaglebine,-39.71936000000001,,,,,Training
42041304220000,11787.0,98.33333333333334,18_Sligo_MD_ft,11540.06,,30.9316749084703,-96.2220490989366,139.59444444444443,Eaglebine,,,,,,Training
42041304690000,7939.599999999999,83.88888888888889,09_Woodbine_MD_ft,7654.5,7997.17,30.7614826380482,-96.3854924255134,110.07777777777777,Eaglebine,-26.678833333333333,,,,,Training
42041305800000,7683.600000000001,73.88888888888889,10_Maness_MD_ft,7615.67,7721.67,30.7355505677959,-96.4656602752401,82.77777778,Eaglebine,-6.789949999999999,,,,,Training
42041306390000,9974.0,112.22222222222223,10_Maness_MD_ft,9970.33,10079.17,30.670144075234,-96.248183051565,128.16111111111113,Eaglebine,-2.606,,,,,Training
42041307630000,8388.0,85.55555555555556,10_Maness_MD_ft,8344.67,8449.0,30.7304943052821,-96.3662117186683,114.16111111111113,Eaglebine,-19.493949999999998,,,,,Training
42041308650000,8339.0,87.77777777777779,09_Woodbine_MD_ft,8122.83,8471.67,30.6977303571518,-96.3903289040349,114.2,Eaglebine,-9.245814285714285,,,,,Training
42041308840000,8095.170000000001,80.0,11_Buda_MD_ft,8057.4,8171.88,30.783522162522,-96.3673273733974,110.79444444444445,Eaglebine,-62.862899999999996,,,,,Training
42041309220000,7999.0,80.55555555555556,10_Maness_MD_ft,7934.49,8054.83,30.7653771454791,-96.3941530059748,110.34444444444445,Eaglebine,-29.864,,,,,Training
42041309330000,8423.0,87.77777777777779,12_Del_Rio_MD_ft,8397.59,8434.04,30.7816937232462,-96.3400767009534,113.59444444444445,Eaglebine,-13.7994,,,,,Training
42041309360000,9592.5,103.33333333333334,10_Maness_MD_ft,9536.17,9637.15,30.6307569194059,-96.3421094138762,125.3388888888889,Eaglebine,-21.58535,,,,,Training
42041310960000,8282.0,96.11111111111111,12_Del_Rio_MD_ft,8274.17,8323.33,30.7425239580677,-96.4035597217352,112.97222222222223,Eaglebine,,58.1468,,,,Training
42041311700000,7711.720000000001,108.8888888888889,10_Maness_MD_ft,7636.5,7729.33,30.630722623054,-96.5372046870848,118.8888889,Eaglebine,-95.14359999999999,128.97789999999998,4.9837,248.1429,8.53675,Training
42041311970000,8413.0,101.66666666666667,10_Maness_MD_ft,8335.33,8424.42,30.7063784223971,-96.4107148114049,114.12222222222222,Eaglebine,-24.324849999999998,98.22215,4.7843,320.6108,9.84315,Training
42041311980000,7668.4,93.8888888888889,11_Buda_MD_ft,7666.5,7767.54,30.6414355914032,-96.5371038828921,105.0,Eaglebine,-124.219,,,,,Training
42041312500000,7676.499999999999,100.55555555555556,11_Buda_MD_ft,7653.33,7754.58,30.6670414885098,-96.5217878683681,107.3388888888889,Eaglebine,-51.3023,30.78645,11.0829,100.15875,9.5648,Training
42041313380000,9580.4,96.66666666666667,09_Woodbine_MD_ft,9307.33,9666.5,30.6858277915262,-96.2697844904729,125.28888888888889,Eaglebine,-4.432014285714286,109.3733142857143,2.2349428571428573,476.2698428571429,9.386071428571428,Training
42041314550000,7795.0,81.11111111111111,11_Buda_MD_ft,7794.13,7891.25,30.7793119023965,-96.4239767589572,108.45,Eaglebine,-13.2833,,,,,Training
42051304680000,5496.0,75.55555555555556,05_Anacacho_MD_ft,5316.13,5958.19,30.5206311077487,-96.8096073035736,89.10555555555555,Eaglebine,-37.00411538461538,,,,,Training
42051305140000,7935.0,143.33333333333334,08_Lower_Eagle_Ford_MD_ft,7871.2,8077.0,30.3597942669019,-96.7621241666606,109.29444444444444,Eaglebine,-28.731325000000002,,,,,Training
42051305380000,8077.0,103.33333333333334,08_Lower_Eagle_Ford_MD_ft,8017.5,8234.67,30.353368460664,-96.75380891445,111.1111111,Eaglebine,-66.108375,,,,,Training
42051305480000,7707.5,98.33333333333334,08_Lower_Eagle_Ford_MD_ft,7703.33,7946.67,30.3980511143386,-96.7578486073564,107.37222222222223,Eaglebine,-41.2901,,,,,Training
42051306040000,8157.4,88.88888888888889,08_Lower_Eagle_Ford_MD_ft,8137.5,8389.17,30.377164722074,-96.7236002681584,111.83888888888889,Eaglebine,-27.21744,,,,,Training
42051306120000,8316.0,90.0,08_Lower_Eagle_Ford_MD_ft,8209.84,8469.83,30.3823037992756,-96.7074548542732,113.02777777777777,Eaglebine,-34.9972,102.83506,5.25612,226.86165999999997,11.644919999999999,Training
42051306370000,7734.000000000001,98.8888888888889,06_Austin_Chalk_MD_ft,7155.91,7734.88,30.4230615622493,-96.7396288334741,108.24444444444445,Eaglebine,-86.61843636363636,32.03513636363636,8.08760909090909,169.41142727272728,9.550500000000001,Training
42051306740000,7784.5,123.8888888888889,08_Lower_Eagle_Ford_MD_ft,7610.0,7875.42,30.48224398,-96.68569789,108.19444444444444,Eaglebine,-19.437760000000004,,,,,Training
42051306750000,7866.000000000001,85.55555555555556,08_Lower_Eagle_Ford_MD_ft,7828.33,8058.75,30.3778821343825,-96.7066061223865,108.66666666666667,Eaglebine,-10.757200000000001,133.831,5.24476,323.42518,13.075999999999999,Training
42051307530000,7939.0,90.55555555555556,08_Lower_Eagle_Ford_MD_ft,7861.46,8125.83,30.4284025760442,-96.7119025285512,109.87222222222223,Eaglebine,7.218979999999999,108.51181999999999,5.5660799999999995,302.51429999999993,11.250900000000001,Training
42051307640000,7686.000000000001,93.33333333333334,08_Lower_Eagle_Ford_MD_ft,7620.63,7884.17,30.48419154,-96.6829990899999,107.72222222222223,Eaglebine,-7.482400000000001,133.66611999999998,4.204680000000001,340.8526,11.24306,Training
42051307650000,7580.0,38.88888888888889,08_Lower_Eagle_Ford_MD_ft,7501.15,7766.79,30.4866524699999,-96.69650477,106.86666666666667,Eaglebine,-7.98706,116.76632,5.91882,242.51853999999997,9.89872,Training
42051308330000,7540.0,91.11111111111111,08_Lower_Eagle_Ford_MD_ft,7503.02,7568.5,30.5400972599674,-96.644022313559,107.3,Eaglebine,-43.5679,100.9925,3.4646,288.6336,15.1292,Training
42051308540000,8069.0,97.77777777777779,08_Lower_Eagle_Ford_MD_ft,8024.17,8250.83,30.36078801,-96.7474569099999,110.56111111111112,Eaglebine,-13.47842,103.64782,4.87624,320.31592,13.12748,Training
42051308570000,8129.0,80.0,08_Lower_Eagle_Ford_MD_ft,8045.0,8296.67,30.3858159587516,-96.7251273316695,111.81111111111112,Eaglebine,-22.741739999999997,,,,,Training
42051309240000,7819.0,90.0,08_Lower_Eagle_Ford_MD_ft,7785.67,8004.0,30.3931875913364,-96.7526763781708,108.33333333333334,Eaglebine,-19.203139999999998,89.68519999999998,6.34142,299.7474,12.189020000000001,Training
42051309360000,7812.999999999999,79.44444444444444,08_Lower_Eagle_Ford_MD_ft,7786.15,8046.0,30.4509486828075,-96.7012818951471,117.05555559999999,Eaglebine,-9.28098,96.58402,3.9156,334.49894,12.37172,Training
42051309430000,9005.0,99.44444444444444,08_Lower_Eagle_Ford_MD_ft,8908.33,9201.67,30.3839247899454,-96.6412658210334,119.55555555555556,Eaglebine,-6.28635,100.76663333333335,6.504016666666666,184.92954999999998,11.3484,Training
42051309640000,7422.399999999999,81.66666666666667,08_Lower_Eagle_Ford_MD_ft,7363.33,7576.67,30.4365715027011,-96.7836696211526,104.46111111111112,Eaglebine,-9.791325,,,,,Training
42051309880000,7756.0,90.55555555555556,08_Lower_Eagle_Ford_MD_ft,7624.38,7851.67,30.4230853298915,-96.7544673306591,107.62222222222222,Eaglebine,-20.387080000000005,97.28766,4.81402,294.40912,11.551300000000001,Training
42051310100000,9112.6,97.77777777777779,11_Buda_MD_ft,9079.38,9125.83,30.3591888972604,-96.6731708788577,120.02777777777779,Eaglebine,-46.6713,,,,,Training
42051310320000,8741.0,85.55555555555556,09_Woodbine_MD_ft,8545.77,8743.66,30.4641094075188,-96.5947537648654,117.13888888888889,Eaglebine,-14.9486,109.934675,2.2732,540.8889499999999,13.185775,Training
42051310430000,10545.0,105.55555555555556,05_Anacacho_MD_ft,9553.45,10788.89,30.33277368964,-96.5128531176462,134.28888888888892,Eaglebine,0.3674666666666664,,,,,Training
42051310530000,8590.0,88.88888888888889,09_Woodbine_MD_ft,8450.96,8647.83,30.4976423897255,-96.5690117028344,116.18333333333334,Eaglebine,-47.25156666666667,,,,,Training
42051310590000,8919.0,100.0,08_Lower_Eagle_Ford_MD_ft,8811.67,9105.83,30.3972356436858,-96.6361196841414,118.82222222222222,Eaglebine,-7.187966666666665,131.85385,5.435266666666666,338.2273,10.664566666666666,Training
42051310600000,8985.0,96.66666666666667,08_Lower_Eagle_Ford_MD_ft,8865.16,9154.33,30.3900298599999,-96.6349890599999,119.5,Eaglebine,-5.175133333333334,128.9118,5.223316666666666,235.42918333333333,9.5962,Training
42051312330000,7388.0,81.66666666666667,10_Maness_MD_ft,7347.67,7444.58,30.6104585954204,-96.6060497637858,105.44444444444446,Eaglebine,-18.84335,,,,,Training
42051315010000,7591.0,96.11111111111111,11_Buda_MD_ft,7521.31,7609.25,30.5891899211282,-96.6061025079852,106.89999999999999,Eaglebine,-35.13695,,,,,Training
42051315180000,8278.0,89.44444444444444,11_Buda_MD_ft,8273.62,8337.16,30.5237357271242,-96.5943562361194,113.41111111111111,Eaglebine,,,,,,Training
42051315190000,7636.999999999999,60.0,10_Maness_MD_ft,7597.83,7687.5,30.5473733394335,-96.6496868347115,107.61666666666667,Eaglebine,,,,,,Training
42051315580000,8211.0,85.55555555555556,11_Buda_MD_ft,8141.84,8219.96,30.5620471370335,-96.5582262464543,111.89999999999999,Eaglebine,-47.175,,,,,Training
42051315590000,7883.0,78.88888888888889,13_Georgetown_MD_ft,7752.67,,30.4024778008545,-96.7962322466031,108.24444444444445,Eaglebine,-52.78565714285714,,,,,Training
42051316200000,8265.0,96.66666666666667,08_Lower_Eagle_Ford_MD_ft,8128.22,8325.29,30.4281936240419,-96.6754989695162,112.50555555555556,Eaglebine,-16.3054,,,,,Training
42051316460000,8266.0,86.11111111111111,11_Buda_MD_ft,8263.58,8327.33,30.5312416788353,-96.5860127675691,112.7388888888889,Eaglebine,-98.1854,,,,,Training
42051316590000,8876.0,81.66666666666667,05_Anacacho_MD_ft,8097.67,9175.68,30.3588869672901,-96.6021418436207,118.71111111111112,Eaglebine,-20.63959090909091,,,,,Training
42051317340000,8473.0,94.44444444444444,11_Buda_MD_ft,8435.83,8498.54,30.3497227297027,-96.7385801048127,113.77222222222223,Eaglebine,-12.0216,,,,,Training
42051317410000,9399.0,87.77777777777779,08_Lower_Eagle_Ford_MD_ft,9118.29,9409.33,30.3821977397908,-96.614178791125,122.91111111111113,Eaglebine,-15.762316666666665,,,,,Training
42051317780000,7764.4,93.33333333333334,11_Buda_MD_ft,7745.75,7832.63,30.60739819,-96.5580088499999,108.05555555555556,Eaglebine,-34.3875,,,,,Training
42051318310000,8514.0,96.66666666666667,11_Buda_MD_ft,8498.54,8556.46,30.5066111235181,-96.5864963295472,115.2388888888889,Eaglebine,-21.13795,,,,,Training
42051318560000,8170.000000000001,97.77777777777779,10_Maness_MD_ft,8123.83,8208.8,30.4923970947791,-96.6356666792191,111.78333333333335,Eaglebine,,,,,,Training
42051319560000,8232.0,96.11111111111111,08_Lower_Eagle_Ford_MD_ft,8051.74,8288.81,30.3785228203116,-96.7341173691113,112.3,Eaglebine,-5.258125,,,,,Training
42051325170000,8149.0,93.33333333333334,10_Maness_MD_ft,8096.17,8183.13,30.5579820125543,-96.564584219561,111.88333333333333,Eaglebine,-8.9041,,,,,Training
42051325270000,7991.0,82.77777777777779,10_Maness_MD_ft,7946.5,8042.21,30.5567422842201,-96.5769011406484,110.61666666666667,Eaglebine,-12.3428,,,,,Training
42051325800000,7828.999999999999,95.55555555555556,10_Maness_MD_ft,7763.33,7853.75,30.5573980980751,-96.6019197944457,109.31666666666668,Eaglebine,-19.832900000000002,,,,,Training
42051326000000,8024.0,146.66666666666669,10_Maness_MD_ft,7991.33,8079.58,30.5212481662504,-96.6290715230797,110.83888888888889,Eaglebine,-85.31875,118.53905,6.48245,324.07275000000004,9.599250000000001,Training
42051326100000,7928.999999999999,85.55555555555556,10_Maness_MD_ft,7904.33,8004.33,30.55144535,-96.5951718299999,110.26111111111112,Eaglebine,-10.58165,72.8249,6.89655,232.94105,8.23535,Training
42051327690000,5709.0,71.66666666666667,06_Austin_Chalk_MD_ft,5061.77,5761.45,30.5544650156894,-96.8899545703045,88.88333333333334,Eaglebine,-26.890871428571433,,,,,Training
42051327840000,7748.0,85.0,10_Maness_MD_ft,7711.83,7804.17,30.5663234954923,-96.5962429787969,108.21111111111112,Eaglebine,1.0333,115.51325,3.0136000000000003,352.91335000000004,8.52945,Training
42123303590000,1948.0,42.22222222222222,01_Wilcox_MD_ft,,13139.0,29.0605886399999,-97.48429027,55.0617284,Eaglebine,-38.6335785992218,,,,,Training
42123309360000,2124.9,42.22222222222222,01_Wilcox_MD_ft,,13350.0,29.0136540802737,-97.4743971468337,140.0,Eaglebine,3.903635000000008,,,,,Training
42123309670000,9619.8,98.8888888888889,01_Wilcox_MD_ft,6687.41,13319.5,29.0131790851108,-97.4837360536856,122.05,Eaglebine,-57.97306766917293,,,,,Training
42123309750000,9813.1,93.33333333333334,01_Wilcox_MD_ft,6698.33,10114.0,28.998151430456,-97.4901348967912,176.33333330000002,Eaglebine,-78.09546086956522,,,,,Training
42127000690000,2250.9,47.77777777777778,03_Navarro_MD_ft,977.5,2595.83,28.555028731,-100.001792621,57.19444444444444,Eaglebine,-28.9556125,,,,,Training
42127301140000,8294.7,92.22222222222223,15_Glen_Rose_MD_ft,7485.19,,28.491686456,-99.817698605,112.01111111111112,Eaglebine,-25.514344827586207,15.864618518518519,113.50958620689654,9.694124137931034,8.37912857142857,Training
42127308630000,7397.000000000001,104.44444444444444,13_Georgetown_MD_ft,7127.5,,28.4775694313061,-99.6458313892026,104.61666666666667,Eaglebine,-79.1755,,,,,Training
42127310470000,5786.0,74.44444444444444,06_Austin_Chalk_MD_ft,5211.0,5886.25,28.320721017,-100.013053324,92.96111111111112,Eaglebine,-60.602423076923074,,,,,Training
42127310890000,5409.65,73.33333333333334,07_Upper_Eagle_Ford_MD_ft,5211.08,5422.62,28.541729771855,-99.9311853232063,88.80000000000001,Eaglebine,-41.85525,42.113749999999996,48.895325,21.141675,8.50025,Training
42127311860000,4529.0,62.77777777777778,01_Wilcox_MD_ft,,6675.17,28.3045209773061,-99.781769437782,78.71111111111112,Eaglebine,-22.89803069306931,25.77543695652174,5.143466336633665,224.90802376237616,11.746002173913046,Training
42127311880000,6292.82,77.77777777777779,14_Edwards_MD_ft,5907.52,,28.566057947106,-99.9418644679348,96.17777777777779,Eaglebine,,,,,,Training
42127312130000,6340.0,80.55555555555556,13_Georgetown_MD_ft,6014.17,,28.5536367246623,-99.9100403907372,97.36111111111111,Eaglebine,,,,,,Training
42127315410000,6997.1,81.11111111111111,06_Austin_Chalk_MD_ft,6708.0,7168.58,28.5692353135225,-99.4381682937373,101.56666666666666,Eaglebine,-48.30917777777778,35.03803333333333,23.541344444444448,56.194877777777776,8.351977777777778,Training
42127315740000,10790.0,126.66666666666667,18_Sligo_MD_ft,10428.54,,28.2672565486005,-100.069546504541,131.53333333333333,Eaglebine,-63.79095454545454,32.02556818181818,881.8264999999999,36.39958636363637,,Training
42127316180000,7767.0,88.33333333333334,14_Edwards_MD_ft,7602.58,,,,106.14444444444445,Eaglebine,-60.2373125,,,,,Training
42127316900000,7355.3,91.11111111111111,12_Del_Rio_MD_ft,7283.87,7409.28,28.23929293,-99.9291228099999,106.17777777777779,Eaglebine,-50.9785,63.89246666666666,4.9418,220.28743333333333,9.629299999999999,Training
42127317010000,6503.7,77.22222222222223,07_Upper_Eagle_Ford_MD_ft,6425.5,6609.39,28.5816222334125,-99.7324961295544,98.36111111111113,Eaglebine,-60.26105,57.7273,35.20215,38.944775,10.10115,Training
42127317020000,7774.000000000001,87.22222222222223,14_Edwards_MD_ft,7363.13,,28.5833587875335,-99.6339261302871,107.35555555555557,Eaglebine,-114.81436315789475,,,,,Training
42127317180000,6694.0,72.22222222222223,07_Upper_Eagle_Ford_MD_ft,6669.92,6835.82,28.5460104215666,-99.5917417071774,98.86666666666667,Eaglebine,-42.37973333333333,44.86056666666667,34.9668,38.58946666666667,12.180266666666666,Training
42127317320000,6258.64,84.44444444444444,14_Edwards_MD_ft,5961.25,,28.5650096932478,-99.9247622377424,95.95555555555556,Eaglebine,-52.784572222222224,,,,,Training
42127317560000,7246.0,88.33333333333334,14_Edwards_MD_ft,7020.42,7711.96,28.2575424644617,-99.9698937428701,104.61666666666667,Eaglebine,-33.22261428571429,,,,,Training
42127318560000,9554.5,104.44444444444444,14_Edwards_MD_ft,8374.38,,28.3947133207693,-99.4507891435983,121.81666666666668,Eaglebine,-125.50525,54.58771875,160.3315,108.36233749999998,8.48303125,Training
42127323000000,6969.0,87.22222222222223,14_Edwards_MD_ft,6761.25,,,,101.2388888888889,Eaglebine,,,,,,Training
42127328970000,5769.9,71.11111111111111,04_Taylor_MD_ft,4964.47,6200.17,28.6087229213464,-99.4537963010766,91.0111111111111,Eaglebine,,,,,,Training
42127332970000,6262.7,87.77777777777779,14_Edwards_MD_ft,5875.76,,28.5868876334526,-99.9764590389647,96.00000000000001,Eaglebine,-42.970822727272726,28.260340000000003,300.29513636363635,10.349322727272726,10.589042857142857,Training
42149304890000,7940.0,85.55555555555556,06_Austin_Chalk_MD_ft,7389.51,8093.46,30.0170156069351,-97.021163999931,109.38333333333333,Eaglebine,-12.89760714285714,37.56637142857143,9.040792857142858,125.3321857142857,8.9968,Training
42149305140000,7543.0,83.33333333333334,06_Austin_Chalk_MD_ft,7002.19,7688.81,30.0155214593015,-97.053892078383,105.73333333333333,Eaglebine,0.04466923076923106,,,,,Training
42149305750000,7678.000000000001,87.77777777777779,06_Austin_Chalk_MD_ft,7312.14,7790.07,29.8067013600196,-97.1782200580446,105.71666666666667,Eaglebine,-13.748800000000001,,,,,Training
42149305880000,7894.000000000001,86.66666666666667,12_Del_Rio_MD_ft,7859.78,7900.03,29.9019732001033,-97.1282619817902,107.57222222222222,Eaglebine,15.1629,,,,,Training
42149307960000,7211.0,79.44444444444444,06_Austin_Chalk_MD_ft,6684.55,7306.58,29.967770459591,-97.1114739856093,101.87777777777778,Eaglebine,-47.91260769230769,37.77003076923077,7.528723076923076,164.8407923076923,8.467676923076924,Training
42149308070000,7189.000000000001,77.77777777777779,06_Austin_Chalk_MD_ft,6641.73,7240.4,,,101.42222222222223,Eaglebine,-32.64869166666667,38.86425833333333,5.934691666666667,192.35197500000004,7.639366666666665,Training
42149308390000,9895.0,101.66666666666667,06_Austin_Chalk_MD_ft,9184.12,9913.31,29.9573021487739,-96.9214646177547,126.86666666666667,Eaglebine,-28.78209333333334,34.596606666666666,18.840346666666665,93.90518,9.163826666666665,Training
42149308450000,7384.0,81.11111111111111,06_Austin_Chalk_MD_ft,7010.82,7553.34,29.7785718275816,-97.2200561271247,103.59444444444445,Eaglebine,-53.967045454545456,27.630672727272728,7.80760909090909,147.5184,8.573881818181817,Training
42149323530000,12760.5,140.55555555555557,14_Edwards_MD_ft,12296.88,13011.25,29.9371106,-96.7755238499999,152.78333333333333,Eaglebine,,,,,,Training
42149325050000,12910.9,136.11111111111111,14_Edwards_MD_ft,12782.88,4546.91,30.06470188,-96.6561586499999,155.45555555555555,Eaglebine,,,,,,Training
42161304400000,14824.0,166.11111111111111,19_Cotton_Valley_MD_ft,11097.59,,31.4230112174933,-96.2234914255733,175.5555556,Eaglebine,-57.47610722891566,79.56984390243903,28.08142771084338,84.52338192771083,8.330107317073173,Training
42163317830000,6073.0,76.66666666666667,06_Austin_Chalk_MD_ft,5988.83,6302.67,28.8586093900337,-98.8512700820704,92.36111111111111,Eaglebine,-48.716414285714286,,,,,Training
42177301620000,4230.0,57.77777777777778,03_Navarro_MD_ft,2968.98,4398.62,,,73.68333333333334,Eaglebine,-22.696653571428566,83.23645294117648,1.7263357142857143,618.3898285714286,8.949723529411767,Training
42177305970000,1843.0,40.0,01_Wilcox_MD_ft,,6184.0,29.4179106994344,-97.5798421725982,45.838888888888896,Eaglebine,-23.344153749999997,,,,,Training
42177306900000,7259.3,83.33333333333334,06_Austin_Chalk_MD_ft,7031.0,7337.5,29.4129002974023,-97.5256820912812,100.73333333333333,Eaglebine,-21.977950000000003,32.23713333333333,8.14595,159.66156666666666,9.768333333333333,Training
42177306920000,8147.900000000001,94.44444444444444,18_Sligo_MD_ft,8074.06,1169.21,29.5017707437574,-97.5540424881814,103.86111111111111,Eaglebine,,,,,,Training
42177307020000,7703.0,92.22222222222223,06_Austin_Chalk_MD_ft,7497.93,7744.15,,,106.30555555555556,Eaglebine,-18.06956,45.93424,8.123159999999999,140.43144,9.35848,Training
42177307630000,8416.0,88.88888888888889,01_Wilcox_MD_ft,,8590.5,29.6448167746574,-97.2426174090217,112.55000000000001,Eaglebine,-32.913999999999994,,,,,Training
42177307700000,5070.0,65.55555555555556,05_Anacacho_MD_ft,5025.33,5124.7,29.5350877876541,-97.5648954406936,79.24444444444444,Eaglebine,-6.3711,53.1109,3.10345,333.2821,9.91825,Training
42177308050000,5799.0,69.44444444444444,06_Austin_Chalk_MD_ft,5784.91,5978.84,29.4598997603494,-97.5909014578888,86.62777777777778,Eaglebine,-24.79475,42.86,6.040000000000001,173.6252,7.6665,Training
42177308170000,6623.0,76.66666666666667,03_Navarro_MD_ft,4936.72,6837.42,29.395589729592,-97.586488138906,94.93888888888888,Eaglebine,-7.715542105263158,68.55982105263156,3.74308947368421,588.8607394736841,10.889694736842102,Training
42177308260000,5963.0,69.44444444444444,08_Lower_Eagle_Ford_MD_ft,5932.95,6021.59,29.430160778113,-97.6224486114805,87.67777777777778,Eaglebine,16.80305,,,,,Training
42177308270000,5995.0,75.55555555555556,06_Austin_Chalk_MD_ft,5867.43,6070.62,29.4692379120069,-97.5735802929181,87.9,Eaglebine,-5.058425,29.00555,6.748825,158.731575,8.936575000000001,Training
42177308300000,7086.0,77.22222222222223,06_Austin_Chalk_MD_ft,6972.83,7218.73,29.3380977037292,-97.6113834706561,100.35555555555555,Eaglebine,-18.0824,78.7811,6.84708,285.82678,8.83212,Training
42177308340000,6308.0,75.55555555555556,06_Austin_Chalk_MD_ft,6260.92,6520.47,29.5738339529144,-97.4451646165164,91.11111111,Eaglebine,-45.8067,,,,,Training
42177309080000,7926.000000000001,92.22222222222223,06_Austin_Chalk_MD_ft,7579.0,8067.04,29.5754739059817,-97.3297698072573,108.18333333333334,Eaglebine,-2.97486,,,,,Training
42177309100000,5835.0,74.44444444444444,06_Austin_Chalk_MD_ft,5621.67,5929.17,29.5567784087934,-97.4876758706452,79.44444444,Eaglebine,-16.81975,,,,,Training
42177309850000,6677.0,74.44444444444444,06_Austin_Chalk_MD_ft,6596.66,6810.42,,,96.65555555555555,Eaglebine,-18.90294,,,,,Training
42177313020000,7868.0,85.0,08_Lower_Eagle_Ford_MD_ft,7789.83,7917.47,29.2601659087111,-97.6496461028495,107.32222222222224,Eaglebine,-34.668533333333336,60.097333333333346,20.81396666666667,50.240133333333326,9.1302,Training
42177314470000,7333.000000000001,85.0,06_Austin_Chalk_MD_ft,7089.28,7430.5,29.4166592765556,-97.5153851556337,101.79444444444444,Eaglebine,-41.00392857142857,,,,,Training
42177315540000,7942.000000000001,89.44444444444444,06_Austin_Chalk_MD_ft,7741.67,8069.6,,,108.00555555555556,Eaglebine,-56.383399999999995,,,,,Training
42177319460000,11064.0,110.0,13_Georgetown_MD_ft,11033.0,11079.76,29.4594726950674,-97.2872344168366,135.55,Eaglebine,-28.1386,20.4459,157.4678,6.3505,17.7404,Training
42177320060000,11254.5,108.8888888888889,12_Del_Rio_MD_ft,11225.0,11280.21,29.3744692699999,-97.32923211,139.9888888888889,Eaglebine,7.3195,42.2178,4.7681,209.7272,10.945,Training
42177320410000,10954.5,110.0,18_Sligo_MD_ft,9200.0,,29.2703047349369,-97.7137074491766,132.03333333333336,Eaglebine,-41.50217380952381,38.34976190476192,144.51472857142855,38.772402380952386,10.583466666666666,Training
42185302150000,11477.0,120.0,15_Glen_Rose_MD_ft,11112.08,,30.7773713849216,-96.0015191856745,141.16666666666669,Eaglebine,-85.46428461538463,,,,,Training
42185302710000,6910.0,80.0,02_Midway_MD_ft,6788.67,7201.33,30.6614432237133,-96.0419317389512,100.59444444444445,Eaglebine,-6.8984444444444435,,,,,Training
42185302840000,10295.0,105.0,12_Del_Rio_MD_ft,10281.63,10300.16,30.7840220268204,-95.9780206454755,131.75,Eaglebine,-95.1551,21.9492,27.6738,36.1353,9.5268,Training
42185304230000,13913.000000000002,159.44444444444446,15_Glen_Rose_MD_ft,12984.28,,30.6750021742279,-95.9125383067123,165.18333333333334,Eaglebine,-19.32448148148148,38.69897692307693,42.58108148148148,67.26195555555556,10.171403846153847,Training
42255300590000,11442.0,115.55555555555556,08_Lower_Eagle_Ford_MD_ft,11405.33,11630.5,29.1134089,-97.65437038,139.12222222222223,Eaglebine,,,,,,Training
42255305980000,18263.0,192.22222222222223,18_Sligo_MD_ft,13192.05,,29.0251859201177,-97.879588420896,192.8722222222227,Eaglebine,-33.811425,44.081503703703724,139.4817064814814,53.9877111111111,9.906236111111111,Training
42255312470000,13122.0,150.0,14_Edwards_MD_ft,12924.62,,28.77263207,-97.86996422,156.0222222222222,Eaglebine,-86.23049999999999,29.746092307692305,590.0588785714286,49.68425714285714,10.749492857142858,Training
42283002040000,18506.5,187.7777777777778,13_Georgetown_MD_ft,10803.5,,28.336624923,-98.964256626,196.02777777777857,Eaglebine,-62.38834977578466,360.07447888888885,35.00206846846847,118.76096396396392,11.074636771300453,Training
42283309180000,10378.0,107.22222222222223,11_Buda_MD_ft,10375.5,10425.0,28.3774745899999,-98.81938383,134.9388888888889,Eaglebine,-55.626,,,,,Training
42283310960000,3431.0,59.44444444444445,01_Wilcox_MD_ft,1955.44,4002.45,,,65.74444444444445,Eaglebine,,,,,,Training
42283314670000,10159.6,107.77777777777779,08_Lower_Eagle_Ford_MD_ft,10062.92,10218.0,28.3526768254755,-98.9860858844813,132.33888888888887,Eaglebine,-14.545233333333334,,,,,Training
42283315220000,9939.6,106.66666666666667,05_Anacacho_MD_ft,9499.17,9957.17,28.3640370081063,-98.9516418435614,130.8166666666667,Eaglebine,-2.7052799999999997,,,,,Training
42283315230000,10069.0,110.0,08_Lower_Eagle_Ford_MD_ft,9955.0,10121.83,28.3141320333458,-99.0805104625595,130.38888888888889,Eaglebine,-26.324233333333336,,,,,Training
42283315400000,10126.9,102.22222222222223,08_Lower_Eagle_Ford_MD_ft,9994.83,10162.5,28.3236888964283,-99.0567307096284,131.37222222222223,Eaglebine,-13.15465,,,,,Training
42283315470000,9711.6,107.22222222222223,06_Austin_Chalk_MD_ft,9521.5,9741.92,28.1851368530081,-99.3648992054303,126.95555555555555,Eaglebine,-7.6254,44.069225,15.858766666666668,81.5385,,Training
42283315560000,9042.5,86.66666666666667,15_Glen_Rose_MD_ft,8982.5,,28.5414949905471,-99.3114991480314,116.78333333333335,Eaglebine,-65.420355,,,,,Training
42283315610000,9784.3,117.22222222222223,06_Austin_Chalk_MD_ft,9731.5,9935.75,28.2239775866151,-99.2395602088163,128.75,Eaglebine,-23.432699999999997,,,,,Training
42285313800000,9237.2,93.33333333333334,01_Wilcox_MD_ft,,12672.33,,,120.62777777777778,Eaglebine,-42.528585829959475,,,,,Training
42285315200000,14102.3,142.22222222222223,12_Del_Rio_MD_ft,13498.54,5766.47,29.404161368008,-96.976516524358,165.70555555555555,Eaglebine,,,,,,Training
42287305100000,8283.0,93.33333333333334,06_Austin_Chalk_MD_ft,7635.33,8547.88,30.2212127513907,-96.8732625594104,112.74444444444445,Eaglebine,-73.74228888888887,,,,,Training
42287305130000,7440.0,85.0,06_Austin_Chalk_MD_ft,6779.48,7492.92,30.3689096217516,-96.8269775479371,104.85555555555557,Eaglebine,-89.42232857142858,38.11767857142856,7.340357142857144,155.72141428571427,10.303278571428569,Training
42287306420000,8381.0,88.88888888888889,06_Austin_Chalk_MD_ft,7864.0,8767.5,30.1872226745037,-96.8800795206784,114.7,Eaglebine,-21.49548888888889,,,,,Training
42287309060000,8103.0,93.33333333333334,06_Austin_Chalk_MD_ft,7399.33,8321.92,30.2347640049335,-96.8871411625237,110.80555555555556,Eaglebine,-43.344126315789474,,,,,Training
42287309140000,7692.0,94.44444444444444,06_Austin_Chalk_MD_ft,7139.17,7844.58,30.115603685984,-97.0043468640734,107.85555555555555,Eaglebine,-34.85767142857143,33.804785714285714,11.30705,131.67189285714286,9.581671428571427,Training
42287312020000,8205.0,89.44444444444444,06_Austin_Chalk_MD_ft,7690.0,8427.67,30.1010232839035,-96.9657554780607,113.22777777777779,Eaglebine,-23.437540000000002,30.074846666666666,10.301192857142857,116.41177142857143,7.937993333333334,Training
42287312490000,8093.0,88.88888888888889,06_Austin_Chalk_MD_ft,7605.83,8298.5,30.1141873667186,-96.9639734615942,112.21111111111111,Eaglebine,-63.74778461538461,31.524861538461533,7.8492,160.87821538461537,11.352723076923077,Training
42287312500000,7984.999999999999,88.33333333333334,06_Austin_Chalk_MD_ft,7437.94,8170.5,30.1198909720264,-96.9732634196964,111.06666666666666,Eaglebine,-27.507453333333334,33.01885333333333,10.31112,109.12902000000001,10.235573333333331,Training
42287325030000,9852.0,114.44444444444444,14_Edwards_MD_ft,9355.0,9965.37,30.1018820624302,-96.8999174626608,126.04444444444445,Eaglebine,,,,,,Training
42287325060000,9731.0,131.11111111111111,14_Edwards_MD_ft,9375.42,,30.1097793926746,-96.8938753238476,125.3611111111111,Eaglebine,-62.92785333333334,34.762214285714286,29.09812,159.2242,7.940014285714286,Training
42289301060000,8889.0,95.55555555555556,17_James_Cow_Creek_MD_ft,8786.78,8936.01,31.3842018874008,-96.2498134206212,116.46111111111111,Eaglebine,-38.68503333333333,67.8911,9.001333333333333,176.75469999999999,11.275766666666668,Training
42289303540000,14489.6,158.88888888888889,19_Cotton_Valley_MD_ft,11244.38,,31.3984855046246,-96.2190218813044,159.51111111111067,Eaglebine,-14.34703209876543,48.44424249999998,89.04963333333332,72.00922098765433,8.476630952380953,Training
42289304430000,9864.0,115.55555555555556,18_Sligo_MD_ft,8790.61,,31.3577021520433,-96.2860231282983,122.1888888888889,Eaglebine,-77.62797666666668,57.213700000000024,22.88814333333333,110.73804000000003,9.120673333333334,Training
42289304700000,9719.0,126.33333333333333,14_Edwards_MD_ft,5737.11,,31.3556896370979,-96.2879417144339,120.06111111111112,Eaglebine,-63.17990227272726,55.40013068181818,15.068534090909084,171.34554772727273,10.383112499999998,Training
42289305780000,9968.0,113.33333333333334,18_Sligo_MD_ft,9380.0,,31.413917216249,-96.1335997589405,123.70555555555555,Eaglebine,-74.61045238095238,68.33022500000001,28.42370952380952,97.03938095238097,9.925633333333332,Training
42289306600000,10264.0,110.0,11_Buda_MD_ft,8191.21,,31.1850661855926,-95.8358094472606,127.99444444444444,Eaglebine,-56.555163829787226,,,,,Training
42289308110000,9306.0,95.55555555555556,15_Glen_Rose_MD_ft,8547.55,,31.2593721639137,-95.8376249496521,119.92777777777779,Eaglebine,,40.55475,7.958409523809525,232.81608095238096,10.434695238095236,Training
42289309370000,9435.0,98.8888888888889,15_Glen_Rose_MD_ft,8604.68,,31.2185520426172,-95.8741045125704,120.85555555555555,Eaglebine,-13.054039130434779,,,,,Training
42289309510000,9805.0,94.44444444444444,15_Glen_Rose_MD_ft,9246.89,,31.19011216,-95.81840103,124.48888888888888,Eaglebine,-12.128244444444446,,,,,Training
42289309850000,9010.0,98.33333333333334,15_Glen_Rose_MD_ft,8448.61,,31.2255239223388,-95.8854740546108,117.04444444444445,Eaglebine,-44.88530555555556,,,,,Training
42289310220000,9263.5,111.11111111111111,18_Sligo_MD_ft,9047.21,,31.3787285018374,-96.2164861174215,118.74444444444445,Eaglebine,-58.542559999999995,51.54954285714285,19.89222666666667,134.40257333333332,8.644833333333333,Training
42289310950000,9453.0,104.44444444444444,18_Sligo_MD_ft,9423.83,,31.3593158731932,-96.1249337107771,119.63888888888889,Eaglebine,-41.77774545454545,59.58759999999999,14.41714,152.72486,9.519550000000002,Training
42289312310000,8586.9,82.22222222222223,15_Glen_Rose_MD_ft,7215.9,9093.65,31.2526713174375,-96.2186842972624,112.3,Eaglebine,-10.45524054054054,41.08982972972973,27.616437837837836,189.29238108108112,13.835275675675673,Training
42289312660000,9598.0,93.33333333333334,18_Sligo_MD_ft,9260.0,12251.79,31.2015819914733,-96.2879547253163,116.22222222222221,Eaglebine,-54.95757500000001,46.33647666666666,28.153808333333327,79.65679833333337,11.474288333333332,Training
42289312770000,6090.0,72.77777777777779,09_Woodbine_MD_ft,5511.5,6126.71,31.283432933113,-96.1768212365239,92.04444444444445,Eaglebine,,28.972042857142856,,,,Training
42289312850000,9761.0,98.8888888888889,18_Sligo_MD_ft,8960.29,,31.35833192,-96.2380190199999,122.37222222222223,Eaglebine,-30.875328,63.79706800000001,19.290896,130.069028,8.790724000000003,Training
42289312900000,17977.0,196.11111111111111,19_Cotton_Valley_MD_ft,12654.38,,31.2446114030502,-96.2401321377267,192.5222222222218,Eaglebine,27.803281012658225,67.37734912280702,218.26621999999998,126.7366918181818,8.939344736842111,Training
42289313060000,9158.0,108.8888888888889,18_Sligo_MD_ft,8940.0,,31.3636770246714,-96.253273455035,117.88888888888889,Eaglebine,-55.40573750000001,69.54019999999998,34.68586666666667,136.14119333333332,9.429133333333333,Training
42289313140000,8934.0,102.22222222222223,18_Sligo_MD_ft,8520.0,,31.3279492979547,-96.3002746300131,111.65555555555555,Eaglebine,-67.0810625,60.25986666666666,15.124881250000001,129.10058125,8.554950000000002,Training
42289313210000,9189.0,110.0,18_Sligo_MD_ft,8860.0,,31.3589561461937,-96.2607368369224,127.7777778,Eaglebine,-62.1787,67.91495333333334,22.1820375,156.3263,9.5522875,Training
42289313250000,9187.0,108.33333333333334,18_Sligo_MD_ft,8900.0,,31.3624290005144,-96.2650925497532,117.54444444444445,Eaglebine,-69.01585625,71.65024666666666,15.5385125,140.86781875,8.86611875,Training
42289315440000,13388.0,150.0,19_Cotton_Valley_MD_ft,11370.54,,31.3478689772245,-96.2308546951062,182.22222219999998,Eaglebine,-32.464614000000005,38.74290113636364,50.48840400000002,64.56333000000001,10.825501999999997,Training
42293304160000,13226.7,140.55555555555557,19_Cotton_Valley_MD_ft,10551.67,,31.3528442349414,-96.3513744009601,149.5222222222219,Eaglebine,-73.98551363636365,,,,,Training
42293304380000,4235.0,64.44444444444444,09_Woodbine_MD_ft,4043.33,4448.54,31.3047396889873,-96.4501682008433,67.36111111111111,Eaglebine,-1.9795875000000005,,,,,Training
42293305010000,12412.0,147.77777777777777,19_Cotton_Valley_MD_ft,10895.73,,31.4222565517245,-96.2907453243935,147.9222222222217,Eaglebine,,,,,,Training
42293308740000,9280.0,107.77777777777779,18_Sligo_MD_ft,8487.35,,31.4078492110005,-96.2877717286669,119.44444444444444,Eaglebine,-53.154272,,,,,Training
42293309280000,9297.7,104.44444444444444,18_Sligo_MD_ft,8617.37,,31.4122071577351,-96.2665473980529,119.69444444444444,Eaglebine,-8.534918181818183,,,,,Training
42293312300000,12493.0,137.77777777777777,19_Cotton_Valley_MD_ft,10695.0,,31.3860537550763,-96.3001245565209,143.13888888888866,Eaglebine,-38.93036,,,,,Training
42311001580000,16609.3,156.66666666666669,13_Georgetown_MD_ft,9727.8,,28.59631166,-98.66504836,164.16111111111113,Eaglebine,-62.78284472049692,56.280596330275245,38.726134161490705,73.65217826086959,9.80915151515152,Training
42311006770000,12194.0,135.55555555555557,11_Buda_MD_ft,12190.0,12240.5,28.482029979,-98.348380531,148.08333333333334,Eaglebine,-31.3514,,82.2102,12.1639,,Training
42311013640000,14032.9,160.55555555555557,16_Pearsal_MD_ft,13701.5,14080.58,28.319582523,-98.692902435,164.79444444444445,Eaglebine,-29.595014285714285,3.357414285714285,18.53837142857143,64.75247142857143,8.464557142857144,Training
42311317850000,19132.0,166.66666666666669,13_Georgetown_MD_ft,10765.83,,28.5954322199999,-98.4398991799999,168.80555555555557,Eaglebine,-59.644269714285734,50.60991076923078,303.6275231060607,91.7758147727273,12.580382775119624,Training
42313302370000,9143.55,76.66666666666667,09_Woodbine_MD_ft,8434.77,9257.67,31.0046969641885,-95.8181857599935,121.95,Eaglebine,,,,,,Training
42313302910000,12829.25,120.0,15_Glen_Rose_MD_ft,11565.17,,30.9198965339972,-95.6429961644312,153.05,Eaglebine,-35.69791428571429,39.11325357142857,26.85322142857143,86.94498214285713,9.320403571428573,Training
42313304420000,9420.0,103.8888888888889,11_Buda_MD_ft,9381.8,9459.62,30.8763833632421,-96.0411836717904,123.14444444444445,Eaglebine,-18.60035,43.0042,26.1538,158.0176,8.71575,Training
42313305590000,9489.46,104.44444444444444,13_Georgetown_MD_ft,9470.67,9515.42,30.8725828624639,-96.0290005451267,123.75,Eaglebine,,,,,,Training
42313311010000,11499.0,110.0,15_Glen_Rose_MD_ft,10601.25,,30.9882522964082,-95.6985259506404,140.47222222222223,Eaglebine,-18.887842857142857,43.673075,22.211385,128.27050000000003,8.483638095238094,Training
42323000820000,3261.9,57.22222222222222,12_Del_Rio_MD_ft,3063.5,3380.0,28.7804415519753,-100.246908261075,67.70555555555556,Eaglebine,-38.85018333333333,,,,,Training
42323300720000,10312.6,128.88888888888889,18_Sligo_MD_ft,8702.02,,28.608047045,-100.325173398,129.40555555555562,Eaglebine,32.86496923076924,54.05433358778628,34.39848837209303,75.10090930232562,9.56284580152672,Training
42323306640000,4673.99,70.0,08_Lower_Eagle_Ford_MD_ft,4661.52,4856.0,28.483711587796,-100.208877080973,84.87222222222223,Eaglebine,-30.2698,,,,,Training
42323312560000,5568.0,65.55555555555556,13_Georgetown_MD_ft,3607.0,,28.7708656160057,-100.437782654282,86.86666666666667,Eaglebine,-52.76097954545455,45.38560454545455,26.60819090909091,57.134198863636364,11.734784090909086,Training
42323312660000,5421.6,80.55555555555556,15_Glen_Rose_MD_ft,4310.73,6741.14,28.7829569326251,-100.503429172019,84.1,Eaglebine,-70.47382888888889,37.5261255319149,108.81342826086963,24.86065652173914,12.110595744680856,Training
42323324740000,7263.4,86.66666666666667,14_Edwards_MD_ft,4518.5,,28.7898138105831,-100.167594204756,103.01666666666668,Eaglebine,-74.13106521739131,34.68446721311476,224.54474819277115,53.14886024096385,8.764691566265055,Training
42323329160000,5804.3,77.77777777777779,15_Glen_Rose_MD_ft,4367.63,6607.0,28.8174584645876,-100.351917233411,88.49444444444444,Eaglebine,-6.582754545454545,32.85359523809523,66.27717727272729,30.48236136363636,9.936990909090907,Training
42395300370000,12459.0,130.0,19_Cotton_Valley_MD_ft,10038.94,,31.2503483907783,-96.4604652260424,133.85555555555527,Eaglebine,-63.99601206896552,,,,,Training
42395302780000,6652.0,88.88888888888889,15_Glen_Rose_MD_ft,6326.06,,30.9906189094664,-96.5731624488261,95.41111111111113,Eaglebine,,,,,,Training
42395302880000,13875.699999999999,151.66666666666669,19_Cotton_Valley_MD_ft,10723.63,,31.0994723338067,-96.4922472238456,152.62222222222178,Eaglebine,-31.39963013698631,39.96400694444443,170.76225000000002,69.7447736111111,12.940000000000001,Training
42395302890000,7423.600000000001,85.0,09_Woodbine_MD_ft,7207.5,7601.17,30.9031982495219,-96.3760413841388,109.44444440000001,Eaglebine,-34.59995,75.46062500000001,2.2730875,550.3267625,14.2616875,Training
42395303030000,8035.0,87.77777777777779,14_Edwards_MD_ft,7806.4,,30.9364666509362,-96.3552947713031,109.54444444444445,Eaglebine,-83.96622307692307,34.10204166666667,20.06926153846154,127.92157692307693,11.539907692307692,Training
42395303790000,8846.0,97.77777777777779,18_Sligo_MD_ft,8447.46,,31.3092289592223,-96.3435567348908,108.13333333333333,Eaglebine,-28.09441333333334,,,,,Training
42395304350000,9261.0,118.33333333333334,18_Sligo_MD_ft,8658.95,11416.25,31.2548621997908,-96.3456171431896,107.25555555555556,Eaglebine,-38.426005454545454,,,,,Training
42395304440000,15379.000000000002,181.11111111111111,19_Cotton_Valley_MD_ft,11369.19,,31.08061021,-96.4330175799999,131.1888888888889,Eaglebine,-95.00665909090912,,,,,Training
42395307330000,11122.0,112.22222222222223,19_Cotton_Valley_MD_ft,10113.13,,31.1144152585296,-96.5297682617077,119.10555555555555,Eaglebine,-70.20666666666668,,,,,Training
42477303240000,9090.0,100.0,05_Anacacho_MD_ft,8776.83,9466.5,30.2176267335316,-96.7303018728181,121.78888888888889,Eaglebine,-43.40721428571429,88.83232142857142,2.8806461538461536,380.30543076923084,1.6869142857142856,Training
42477304680000,12398.0,118.33333333333334,13_Georgetown_MD_ft,12377.25,12410.17,30.3796951176898,-96.3152398005257,151.29999999999998,Eaglebine,-81.6495,,,,,Training
42477305280000,10898.0,96.11111111111111,01_Wilcox_MD_ft,,11750.15,30.3109252192183,-96.368556452657,165.5555556,Eaglebine,-35.781684347826086,,,,,Training
42477305490000,11821.0,121.66666666666667,05_Anacacho_MD_ft,11311.0,12228.54,30.3448975844811,-96.3507712330982,146.63333333333333,Eaglebine,-1.78678125,,,,,Training
42493302300000,6205.2,72.22222222222223,01_Wilcox_MD_ft,,6599.0,29.0219813487963,-98.2399452048731,94.56666666666668,Eaglebine,-26.43086803278688,84.23273999999999,9.571892561983468,347.07019173553715,8.74888,Training
42493303910000,4389.2,63.333333333333336,05_Anacacho_MD_ft,4328.5,4453.5,,,75.92777777777778,Eaglebine,-40.7262,,,,,Training
42493307780000,5647.0,64.44444444444444,01_Wilcox_MD_ft,,6140.0,29.1323655548059,-97.9924818888563,87.38333333333333,Eaglebine,-43.60284385964912,,,,,Training
42493308380000,4813.5,64.44444444444444,01_Wilcox_MD_ft,,4842.33,29.2277626210537,-98.0037966031365,79.36111111111111,Eaglebine,-66.16513461538463,,,,,Training
42493309720000,6941.5,81.11111111111111,05_Anacacho_MD_ft,6915.17,7012.5,29.0553520449034,-98.113381079934,99.99444444444445,Eaglebine,10.9053,,,,,Training
42493310750000,5637.7,65.55555555555556,01_Wilcox_MD_ft,,5906.36,29.1165439,-98.05314196,88.14999999999999,Eaglebine,-43.070709615384594,65.31689619047617,8.446821153846152,380.82484711538467,9.777938461538463,Training
42493312560000,5454.0,69.44444444444444,01_Wilcox_MD_ft,,5498.67,29.0416599939177,-98.3378508730728,87.55000000000001,Eaglebine,-25.854609677419337,,,,,Training
42493316260000,6121.9,76.66666666666667,05_Anacacho_MD_ft,6115.17,6200.83,29.0785558479288,-98.1384001957439,92.05555555555556,Eaglebine,-33.658699999999996,,,,,Training
42493316680000,6513.3,72.77777777777779,05_Anacacho_MD_ft,6441.33,6537.83,,,95.97222222222223,Eaglebine,-19.3917,,,,,Training
42493317790000,5997.2,73.33333333333334,01_Wilcox_MD_ft,,6024.67,29.0953925799999,-98.1110045199999,91.80000000000001,Eaglebine,-35.831378095238094,,,,,Training
42493318190000,6481.2,76.66666666666667,05_Anacacho_MD_ft,6475.83,6554.33,29.07841103036,-98.1103567655035,96.10555555555557,Eaglebine,-30.1887,,,,,Training
42493319370000,6875.999999999999,78.88888888888889,01_Wilcox_MD_ft,,6890.5,29.0320565112091,-98.1749773892523,100.47222222222223,Eaglebine,-26.438861157024807,,,,,Training
42507007550000,4254.0,65.55555555555556,04_Taylor_MD_ft,4129.54,5294.67,28.774925701,-99.562065087,78.16111111111111,Eaglebine,-22.476863636363635,,,,,Training
42507312960000,6329.55,67.22222222222223,13_Georgetown_MD_ft,3038.83,,29.0770152018791,-100.006557581097,94.79444444444445,Eaglebine,-52.25100602409637,,,,,Training
42507326870000,3246.5,50.0,06_Austin_Chalk_MD_ft,2787.5,3308.09,29.0019047941317,-99.5868977320195,78.88888889,Eaglebine,-31.631063636363635,44.14464545454546,6.75039090909091,185.36153636363636,8.503218181818182,Training
100010107020W500,716.0,48.33,09_Montney_Top (Surbiton)[SSTVD] (m),713.3,1271.1,55.027981,-116.903553,60.97,Duvernay,,,,,,Training
100010608109W500,1044.4,34.26,16_Elk_Point (Surbiton)[SSTVD] (m),1042.5,1078.4,55.987511,-115.390554,63.98,Duvernay,,,,,,Training
100011206021W400,171.89999999999998,29.0,12_Winterburn (Surbiton)[SSTVD] (m),168.4,246.4,54.167402,-113.002616,39.07,Duvernay,,,,,,Training
100011506915W500,936.4,64.0,11_Wabamun (Surbiton)[SSTVD] (m),919.8,1164.7,54.969037,-116.188158,69.47,Duvernay,,,,,,Training
100011804403W500,1065.6,68.0,06_Mannville_Top (Surbiton)[SSTVD] (m),860.8,1220.8,52.787328,-114.415621,75.23,Duvernay,,,,,,Training
100011806718W500,2020.1,93.2,15_Beaverhill (Surbiton)[SSTVD] (m),1987.4,2096.8,54.793867,-116.723113,94.51,Duvernay,,,,,,Training
100012306427W500,836.8,48.0,04_2nd_White_Speckled_Shale (Surbiton)[SSTVD] (m),632.0,948.0,54.547552,-117.96334,67.75,Duvernay,,,,,,Training
100012706026W400,300.9999999999999,23.89,07_Ostracod_Beds (Surbiton)[SSTVD] (m),291.1,343.5,54.212264,-113.803723,43.77,Duvernay,,,,,,Training
100012906918W500,714.9,38.89,10_Permian_Top (Surbiton)[SSTVD] (m),712.0,1173.5,54.998735,-116.70087,71.41,Duvernay,,,,,,Training
100020106719W500,760.9000000000002,10.0,07_Ostracod_Beds (Surbiton)[SSTVD] (m),755.4,794.3,54.765531,-116.756869,62.82,Duvernay,,,,,,Training
100020107808W500,1088.15,20.0,16_Elk_Point (Surbiton)[SSTVD] (m),1078.1,-330.7,55.725199,-115.0966,68.41,Duvernay,,,,,,Training
100020206322W500,1276.8000000000002,75.56,07_Ostracod_Beds (Surbiton)[SSTVD] (m),1181.5,1308.8,54.416429,-117.211664,82.49,Duvernay,,,,,,Training
100020206508W500,384.6,52.5,06_Mannville_Top (Surbiton)[SSTVD] (m),210.4,388.1,54.59164,-115.093174,55.52,Duvernay,,,,,,Training
100020403021W400,895.5999999999999,51.11,12_Winterburn (Surbiton)[SSTVD] (m),891.2,931.7,51.533695,-112.896499,62.6,Duvernay,,,,,,Training
100020606512W500,1719.7,81.11,15_Beaverhill (Surbiton)[SSTVD] (m),1608.5,1754.8,54.59095,-115.800609,102.44,Duvernay,,,,,,Training
100020807907W500,1043.0,51.4,16_Elk_Point (Surbiton)[SSTVD] (m),1040.1,-365.19,55.827183,-115.053728,66.16,Duvernay,,,,,,Training
100021106720W500,917.4499999999999,48.89,09_Montney_Top (Surbiton)[SSTVD] (m),913.6,986.7,54.779575,-116.934038,69.36,Duvernay,,,,,,Training
100021306113W500,1774.85,80.3,15_Beaverhill (Surbiton)[SSTVD] (m),1753.9,17.9,54.272014,-115.808484,89.84,Duvernay,,,,,,Training
100021406411W500,1597.7500000000005,86.11,15_Beaverhill (Surbiton)[SSTVD] (m),1523.0,1659.6,54.532786,-115.548827,101.41,Duvernay,,,,,,Training
100021406418W500,1429.85,98.89,11_Wabamun (Surbiton)[SSTVD] (m),1377.7,1602.7,54.532982,-116.606434,81.52,Duvernay,,,,,,Training
100021506315W500,828.3,54.44,08_Jurassic_Top (Surbiton)[SSTVD] (m),816.3,886.4,54.446059,-116.176631,71.81,Duvernay,,,,,,Training
100021506419W500,978.45,50.0,07_Ostracod_Beds (Surbiton)[SSTVD] (m),936.4,988.5,54.532626,-116.783175,68.5,Duvernay,,,,,,Training
100021708007W500,1015.7,42.4,16_Elk_Point (Surbiton)[SSTVD] (m),1009.2,-370.0,55.928606,-115.055106,65.56,Duvernay,,,,,,Training
100021805706W500,663.8499999999999,35.56,06_Mannville_Top (Surbiton)[SSTVD] (m),490.4,839.4,53.920714,-114.879054,54.63,Duvernay,,,,,,Training
100021806218W500,780.1000000000001,54.44,05_Fish_scales (Surbiton)[SSTVD] (m),718.67,797.0,54.357824,-116.685876,64.7,Duvernay,,,,,,Training
100021906119W500,898.3,58.33,05_Fish_scales (Surbiton)[SSTVD] (m),890.9,923.0,54.284707,-116.836282,70.12,Duvernay,,,,,,Training
100022007907W500,1036.9,41.6,16_Elk_Point (Surbiton)[SSTVD] (m),1028.9,-368.1,55.856291,-115.054382,65.1,Duvernay,,,,,,Training
100022008108W500,1087.1,50.0,16_Elk_Point (Surbiton)[SSTVD] (m),1002.6,1118.6,56.030551,-115.210209,66.98,Duvernay,,,,,,Training
100022106317W500,2095.5499999999997,96.67,15_Beaverhill (Surbiton)[SSTVD] (m),2042.5,2154.7,54.45978,-116.505853,106.26,Duvernay,,,,,,Training
100022208108W500,1113.4,61.11,16_Elk_Point (Surbiton)[SSTVD] (m),997.3,1120.4,56.030769,-115.158833,68.64,Duvernay,,,,,,Training
100022306625W500,2629.3500000000004,98.89,15_Beaverhill (Surbiton)[SSTVD] (m),2570.7,2659.0,54.721493,-117.666031,110.08,Duvernay,,,,,,Training
100022406617W500,715.95,57.78,07_Ostracod_Beds (Surbiton)[SSTVD] (m),697.9,721.7,54.721834,-116.43032,65.02,Duvernay,,,,,,Training
100022706319W500,1009.2,76.67,07_Ostracod_Beds (Surbiton)[SSTVD] (m),987.1,1015.6,54.474444,-116.783194,117.6111111,Duvernay,,,,,,Training
100022806320W500,373.5500000000002,42.22,03_1st_White_Speckled_Shale (Surbiton)[SSTVD] (m),208.2,465.4,54.474459,-116.959122,43.8,Duvernay,,,,,,Training
100022806419W500,666.3,48.89,05_Fish_scales (Surbiton)[SSTVD] (m),594.28,673.3,54.561718,-116.808396,111.05555559999999,Duvernay,,,,,,Training
100023008008W500,1133.9,43.33,16_Elk_Point (Surbiton)[SSTVD] (m),1034.2,1148.2,55.958219,-115.237392,69.18,Duvernay,,,,,,Training
100023206413W500,1704.6,94.6,15_Beaverhill (Surbiton)[SSTVD] (m),1682.6,-129.2,54.576006,-115.926213,108.51,Duvernay,,,,,,Training
100023206414W500,668.6499999999999,65.56,07_Ostracod_Beds (Surbiton)[SSTVD] (m),647.4,714.8,54.57604,-116.077404,71.67,Duvernay,,,,,,Training
100023303322W400,468.64999999999986,47.78,05_Fish_scales (Surbiton)[SSTVD] (m),409.1,513.9,51.868988,-113.061037,51.39,Duvernay,,,,,,Training
100023306507W500,1408.05,70.0,16_Elk_Point (Surbiton)[SSTVD] (m),1395.4,-334.0,54.663166,-114.994089,84.49,Duvernay,,,,,,Training
100023506212W500,1654.3,60.0,15_Beaverhill (Surbiton)[SSTVD] (m),1629.3,-113.4,54.400995,-115.685213,98.77,Duvernay,,,,,,Training
100023506213W500,1725.5500000000002,90.56,15_Beaverhill (Surbiton)[SSTVD] (m),1711.8,1858.27,54.401944,-115.834912,99.86,Duvernay,,,,,,Training
100023608010W500,1060.5,49.86,16_Elk_Point (Surbiton)[SSTVD] (m),1058.0,1091.4,55.971211,-115.417427,64.9,Duvernay,,,,,,Training
100032106921W500,822.05,47.78,09_Montney_Top (Surbiton)[SSTVD] (m),814.9,896.6,54.98337,-117.144123,61.69,Duvernay,,,,,,Training
100032206603W600,852.5,46.0,04_2nd_White_Speckled_Shale (Surbiton)[SSTVD] (m),563.43,923.9,54.723278,-118.370241,62.96,Duvernay,,,,,,Training
100032405416W500,1338.8000000000002,78.3,07_Ostracod_Beds (Surbiton)[SSTVD] (m),1285.4,1376.6,53.673641,-116.22592,78.41,Duvernay,,,,,,Training
100032604920W500,993.8,60.5,02_Lea_Park (Surbiton)[SSTVD] (m),1067.3,1067.3,53.254172,-116.821819,70.51,Duvernay,,,,,,Training
100033006726W500,2761.2999999999997,80.0,15_Beaverhill (Surbiton)[SSTVD] (m),2685.6,2779.6,54.82305,-117.955628,114.42,Duvernay,,,,,,Training
100033008009W500,1074.75,48.89,16_Elk_Point (Surbiton)[SSTVD] (m),1068.1,-389.42,55.958354,-115.401063,65.05,Duvernay,,,,,,Training
100033206015W500,988.6000000000001,68.33,08_Jurassic_Top (Surbiton)[SSTVD] (m),976.2,1309.7,54.227458,-116.21595,69.2,Duvernay,,,,,,Training
100033206322W500,1239.1,72.3,07_Ostracod_Beds (Surbiton)[SSTVD] (m),1155.6,1274.1,54.490063,-117.293936,79.32,Duvernay,,,,,,Training
100040206609W500,427.8000000000002,49.44,06_Mannville_Top (Surbiton)[SSTVD] (m),206.1,619.4,54.677848,-115.258412,63.48,Duvernay,,,,,,Training
100040207011W500,1449.1499999999999,66.11,15_Beaverhill (Surbiton)[SSTVD] (m),1313.4,1463.9,55.026574,-115.574872,89.78,Duvernay,,,,,,Training
100040306718W500,2019.9,96.67,15_Beaverhill (Surbiton)[SSTVD] (m),1960.3,2081.2,54.765224,-116.667273,97.76,Duvernay,,,,,,Training
100040705920W400,183.9000000000001,28.89,11_Wabamun (Surbiton)[SSTVD] (m),176.4,205.4,54.080496,-112.998147,38.36,Duvernay,,,,,,Training
100040706512W500,1715.7500000000002,81.11,15_Beaverhill (Surbiton)[SSTVD] (m),1608.2,1753.9,54.604803,-115.81329,102.66,Duvernay,,,,,,Training
100040706523W500,2593.5499999999997,103.33,15_Beaverhill (Surbiton)[SSTVD] (m),2546.3,2632.3,54.605113,-117.476785,110.37,Duvernay,,,,,,Training
100040907910W500,1194.5,57.0,17_Precambrian Basement (Surbiton)[SSTVD] (m),1189.0,-337.6,55.828932,-115.509732,68.46,Duvernay,,,,,,Training
100041007824W500,290.85,35.0,06_Mannville_Top (Surbiton)[SSTVD] (m),-56.3,309.2,55.739033,-117.646144,33.91,Duvernay,,,,,,Training
100041106519W500,863.6499999999999,28.89,06_Mannville_Top (Surbiton)[SSTVD] (m),627.0,870.4,54.605264,-116.770441,66.52,Duvernay,,,,,,Training
100041206410W500,502.0,33.33,06_Mannville_Top (Surbiton)[SSTVD] (m),325.8,762.3,54.518399,-115.382483,65.49,Duvernay,,,,,,Training
100041206613W500,1704.0,91.4,15_Beaverhill (Surbiton)[SSTVD] (m),1599.2,1725.7,54.693026,-115.836564,106.14,Duvernay,,,,,,Training
100041206926W500,2525.0,90.0,15_Beaverhill (Surbiton)[SSTVD] (m),2482.5,2590.0,54.955844,-117.834504,105.14,Duvernay,,,,,,Training
100041407808W500,1074.4499999999998,56.67,16_Elk_Point (Surbiton)[SSTVD] (m),1065.3,-362.36,55.754076,-115.136312,67.08,Duvernay,,,,,,Training
100041603305W500,1685.1,78.33,06_Mannville_Top (Surbiton)[SSTVD] (m),1497.5,2058.0,51.825519,-114.66015,99.41,Duvernay,,,,,,Training
100041606219W500,1067.25,70.0,06_Mannville_Top (Surbiton)[SSTVD] (m),826.6,1070.6,54.357818,-116.798145,74.67,Duvernay,,,,,,Training
100041706214W500,1876.45,84.44,15_Beaverhill (Surbiton)[SSTVD] (m),1856.2,1984.2,54.359235,-116.071412,101.5,Duvernay,,,,,,Training
100041708009W500,1079.9499999999998,64.44,16_Elk_Point (Surbiton)[SSTVD] (m),1067.7,-388.18,55.929848,-115.38127,65.12,Duvernay,,,,,,Training
100041806523W500,332.19999999999993,43.33,03_1st_White_Speckled_Shale (Surbiton)[SSTVD] (m),175.5,444.1,54.619757,-117.476785,45.08,Duvernay,,,,,,Training
100041903905W500,500.44999999999993,48.89,01_Battle (Surbiton)[SSTVD] (m),-437.4,540.7,52.364864,-114.718379,50.22,Duvernay,,,,,,Training
100042108108W500,1090.4,48.89,16_Elk_Point (Surbiton)[SSTVD] (m),995.7,1104.3,56.030338,-115.198615,68.02,Duvernay,,,,,,Training
100042203707W500,1209.4499999999996,65.56,03_1st_White_Speckled_Shale (Surbiton)[SSTVD] (m),942.5,1307.0,52.189825,-114.926229,77.15,Duvernay,,,,,,Training
100042304007W500,994.5500000000001,54.44,03_1st_White_Speckled_Shale (Surbiton)[SSTVD] (m),781.8,1118.8,52.452556,-114.910024,67.98,Duvernay,,,,,,Training
100042606601W600,1612.4,75.5,10_Permian_Top (Surbiton)[SSTVD] (m),1605.5,2192.4,54.735961,-118.04537,94.96,Duvernay,,,,,,Training
100042803323W400,723.2,54.8,06_Mannville_Top (Surbiton)[SSTVD] (m),581.2,882.6,51.854913,-113.214153,62.51,Duvernay,,,,,,Training
100043008007W500,1019.65,45.0,16_Elk_Point (Surbiton)[SSTVD] (m),1016.4,-370.1,55.95753,-115.094448,65.74,Duvernay,,,,,,Training
100043106509W500,1489.0000000000002,85.0,15_Beaverhill (Surbiton)[SSTVD] (m),1378.3,1521.6,54.663453,-115.359082,95.03,Duvernay,,,,,,Training
100043206618W500,2109.65,71.11,16_Elk_Point (Surbiton)[SSTVD] (m),2097.0,-124.4,54.751478,-116.695163,97.52,Duvernay,,,,,,Training
100043306616W500,639.7,60.6,06_Mannville_Top (Surbiton)[SSTVD] (m),402.9,644.0,54.752252,-116.36471,64.11,Duvernay,,,,,,Training
100043506919W500,1918.3000000000002,66.0,15_Beaverhill (Surbiton)[SSTVD] (m),1878.7,1988.2,55.011131,-116.792637,96.82,Duvernay,,,,,,Training
100043606507W500,1386.2500000000002,66.67,16_Elk_Point (Surbiton)[SSTVD] (m),1371.9,-347.1,54.663143,-114.930872,82.91,Duvernay,,,,,,Training
100050506418W500,661.8500000000001,50.0,06_Mannville_Top (Surbiton)[SSTVD] (m),658.0,929.3,54.507152,-116.694649,92.77777778,Duvernay,,,,,,Training
100051006826W500,981.5,51.8,06_Mannville_Top (Surbiton)[SSTVD] (m),673.5,1004.0,54.871239,-117.890586,67.28,Duvernay,,,,,,Training
100053106213W500,837.4,69.0,10_Permian_Top (Surbiton)[SSTVD] (m),813.67,1087.9,54.404483,-115.945895,70.32,Duvernay,,,,,,Training
100053106224W500,1631.2,84.2,09_Montney_Top (Surbiton)[SSTVD] (m),1523.8,1650.1,54.404684,-117.597451,96.43,Duvernay,,,,,,Training
100053408009W500,1104.6,44.0,16_Elk_Point (Surbiton)[SSTVD] (m),1045.1,-390.4,55.975768,-115.326138,66.18,Duvernay,,,,,,Training
100053606118W500,1026.7,42.0,07_Ostracod_Beds (Surbiton)[SSTVD] (m),1017.1,1055.7,54.315952,-116.570632,73.33,Duvernay,,,,,,Training
100060305107W500,969.8500000000001,33.33,07_Ostracod_Beds (Surbiton)[SSTVD] (m),934.32,1186.8,53.373748,-114.951739,67.15,Duvernay,,,,,,Training
100060404101W500,956.75,61.11,06_Mannville_Top (Surbiton)[SSTVD] (m),833.0,991.8,52.499697,-114.088748,70.18,Duvernay,,,,,,Training
100060506322W500,508.35,37.78,03_1st_White_Speckled_Shale (Surbiton)[SSTVD] (m),329.5,632.1,54.419775,-117.293865,50.4,Duvernay,,,,,,Training
100060603720W400,782.45,60.0,12_Winterburn (Surbiton)[SSTVD] (m),773.0,806.8,52.148498,-112.853177,64.5,Duvernay,,,,,,Training
100060606219W500,2345.9,135.56,15_Beaverhill (Surbiton)[SSTVD] (m),2302.8,171.9,54.332237,-116.842114,106.13,Duvernay,,,,,,Training
100060606515W500,825.1,59.4,08_Jurassic_Top (Surbiton)[SSTVD] (m),764.6,1143.6,54.595819,-116.262357,73.61,Duvernay,,,,,,Training
100060608108W500,1093.9,45.0,16_Elk_Point (Surbiton)[SSTVD] (m),1018.9,1114.9,55.992419,-115.246278,67.53,Duvernay,,,,,,Training
100060706022W500,2137.3,95.0,11_Wabamun (Surbiton)[SSTVD] (m),2049.8,2291.41,54.171273,-117.293335,114.53,Duvernay,,,,,,Training
100060805217W500,1465.2000000000003,77.22,06_Mannville_Top (Surbiton)[SSTVD] (m),1462.7,1662.4,53.472878,-116.475013,83.67,Duvernay,,,,,,Training
100060807808W500,-66.60000000000002,58.9,06_Mannville_Top (Surbiton)[SSTVD] (m),-292.6,194.5,55.742313,-115.20897,32.52,Duvernay,,,,,,Training
100060905918W500,1250.1499999999999,77.78,07_Ostracod_Beds (Surbiton)[SSTVD] (m),1219.5,1279.0,54.084324,-116.643159,95.0,Duvernay,,,,,,Training
100061004119W400,304.9499999999998,42.22,05_Fish_scales (Surbiton)[SSTVD] (m),300.2,351.4,52.512243,-112.658892,46.31,Duvernay,,,,,,Training
100061005216W500,1642.6,66.11,08_Jurassic_Top (Surbiton)[SSTVD] (m),1634.7,1983.0,53.473041,-116.27928,91.8,Duvernay,,,,,,Training
100061006117W500,1034.3500000000001,52.22,07_Ostracod_Beds (Surbiton)[SSTVD] (m),1022.9,1050.6,54.258897,-116.468555,73.47,Duvernay,,,,,,Training
100061103324W400,1471.6,72.0,15_Beaverhill (Surbiton)[SSTVD] (m),1330.99,1614.6,51.81364,-113.302505,85.98,Duvernay,,,,,,Training
100061305216W500,2148.6,84.0,12_Winterburn (Surbiton)[SSTVD] (m),2130.6,2316.29,53.487604,-116.229882,117.0,Duvernay,,,,,,Training
100061306018W500,859.3499999999999,48.89,05_Fish_scales (Surbiton)[SSTVD] (m),814.4,885.7,54.18728,-116.568628,62.54,Duvernay,,,,,,Training
100061307518W500,235.35000000000002,35.5,07_Ostracod_Beds (Surbiton)[SSTVD] (m),225.6,287.6,55.4946,-116.653606,42.39,Duvernay,,,,,,Training
100061403127W400,1329.3999999999999,64.5,11_Wabamun (Surbiton)[SSTVD] (m),1219.4,1426.1,51.655235,-113.72726,80.18,Duvernay,,,,,,Training
100061404814W400,14.399999999999977,29.0,05_Fish_scales (Surbiton)[SSTVD] (m),-0.4,46.4,53.137099,-111.946231,32.61,Duvernay,,,,,,Training
100061406920W500,775.4,55.7,09_Montney_Top (Surbiton)[SSTVD] (m),767.1,834.9,54.971072,-116.938458,62.95,Duvernay,,,,,,Training
100061408009W500,1073.6,42.0,16_Elk_Point (Surbiton)[SSTVD] (m),1067.9,-374.4,55.931252,-115.296105,64.85,Duvernay,,,,,,Training
100061504803W500,105.15000000000009,29.44,01_Battle (Surbiton)[SSTVD] (m),-582.65,107.6,53.139642,-114.358116,35.17,Duvernay,,,,,,Training
100061605518W500,1781.85,71.67,09_Montney_Top (Surbiton)[SSTVD] (m),1635.5,1923.9,53.750268,-116.61787,98.02,Duvernay,,,,,,Training
100061608009W500,1137.0,46.0,16_Elk_Point (Surbiton)[SSTVD] (m),1071.6,1154.7,55.933141,-115.347706,68.02,Duvernay,,,,,,Training
100061706804W600,1799.1000000000001,77.78,10_Permian_Top (Surbiton)[SSTVD] (m),1785.5,2480.2,54.88512,-118.57555,104.4444444,Duvernay,,,,,,Training
100061805414W500,1689.05,83.1,11_Wabamun (Surbiton)[SSTVD] (m),1630.4,1839.3,53.661939,-116.058181,86.37,Duvernay,,,,,,Training
100062005015W500,2278.4,106.67,12_Winterburn (Surbiton)[SSTVD] (m),2250.3,2391.8,53.328313,-116.16285,106.62,Duvernay,,,,,,Training
100062007823W500,1298.1,18.0,11_Wabamun (Surbiton)[SSTVD] (m),1243.1,1506.1,55.770872,-117.537674,66.22,Duvernay,,,,,,Training
100062105118W500,2057.5,103.0,08_Jurassic_Top (Surbiton)[SSTVD] (m),1974.3,2340.0,53.414906,-116.597527,104.15,Duvernay,,,,,,Training
100062203325W400,802.6,55.6,07_Ostracod_Beds (Surbiton)[SSTVD] (m),777.1,1009.1,51.842325,-113.470327,66.8,Duvernay,,,,,,Training
100062306318W500,2150.2,88.89,15_Beaverhill (Surbiton)[SSTVD] (m),2095.5,2205.2,54.462511,-116.614559,100.23,Duvernay,,,,,,Training
100062307218W500,506.85,35.0,07_Ostracod_Beds (Surbiton)[SSTVD] (m),417.0,507.6,55.247943,-116.660887,56.71,Duvernay,,,,,,Training
100062406517W500,1286.0,75.0,11_Wabamun (Surbiton)[SSTVD] (m),1228.9,1448.6,54.636661,-116.435394,83.02,Duvernay,,,,,,Training
100062506412W500,557.5999999999999,57.3,07_Ostracod_Beds (Surbiton)[SSTVD] (m),532.6,874.6,54.563503,-115.681492,69.18,Duvernay,,,,,,Training
100062604715W500,2022.5000000000005,79.44,08_Jurassic_Top (Surbiton)[SSTVD] (m),1933.4,2303.2,53.081803,-116.088884,112.29,Duvernay,,,,,,Training
100062605918W500,1208.1,75.56,07_Ostracod_Beds (Surbiton)[SSTVD] (m),1168.9,1228.0,54.129077,-116.594157,79.04,Duvernay,,,,,,Training
100062705713W500,1045.1,98.0,08_Jurassic_Top (Surbiton)[SSTVD] (m),991.93,1106.58,53.953028,-115.851796,70.03,Duvernay,,,,,,Training
100062804714W500,557.8,48.33,02_Lea_Park (Surbiton)[SSTVD] (m),833.6,833.6,53.081532,-115.992065,58.36,Duvernay,,,,,,Training
100062904514W500,2126.7000000000003,102.2,06_Mannville_Top (Surbiton)[SSTVD] (m),1794.2,2407.0,52.906756,-115.999037,111.57,Duvernay,,,,,,Training
100062905416W500,792.0,43.33,03_1st_White_Speckled_Shale (Surbiton)[SSTVD] (m),595.0,931.8,53.690989,-116.327824,60.46,Duvernay,,,,,,Training
100062906118W500,813.6,69.0,05_Fish_scales (Surbiton)[SSTVD] (m),754.54,831.6,54.301584,-116.669268,68.03,Duvernay,,,,,,Training
100063007223W500,207.5,34.17,05_Fish_scales (Surbiton)[SSTVD] (m),126.8,234.5,55.262681,-117.531809,45.69,Duvernay,,,,,,Training
100063008009W500,1096.8,43.9,16_Elk_Point (Surbiton)[SSTVD] (m),1062.4,1099.8,55.962769,-115.401495,66.76,Duvernay,,,,,,Training
100063104713W500,2355.7000000000003,118.33,12_Winterburn (Surbiton)[SSTVD] (m),2328.4,2460.4,53.095328,-115.89587,112.56,Duvernay,,,,,,Training
100063205214W500,1517.25,106.11,08_Jurassic_Top (Surbiton)[SSTVD] (m),1360.98,1728.8,53.53108,-116.033106,88.71,Duvernay,,,,,,Training
100063206123W500,1455.3000000000004,29.44,07_Ostracod_Beds (Surbiton)[SSTVD] (m),1364.2,1482.9,54.316579,-117.417978,95.74,Duvernay,,,,,,Training
100063306117W500,768.7000000000002,33.33,06_Mannville_Top (Surbiton)[SSTVD] (m),762.3,1002.0,54.316674,-116.493975,65.28,Duvernay,,,,,,Training
100063405415W500,698.8999999999999,57.22,03_1st_White_Speckled_Shale (Surbiton)[SSTVD] (m),505.7,800.1,53.705661,-116.13146,54.65,Duvernay,,,,,,Training
100063506018W500,1103.5,61.67,06_Mannville_Top (Surbiton)[SSTVD] (m),868.7,1104.0,54.229333,-116.593685,79.18,Duvernay,,,,,,Training
100063507018W500,488.95000000000005,40.0,07_Ostracod_Beds (Surbiton)[SSTVD] (m),483.8,590.0,55.103738,-116.637009,56.5,Duvernay,,,,,,Training
100063605819W500,1317.2999999999997,72.78,07_Ostracod_Beds (Surbiton)[SSTVD] (m),1267.0,1344.5,54.055629,-116.692226,91.24,Duvernay,,,,,,Training
100063606312W500,358.75,42.78,05_Fish_scales (Surbiton)[SSTVD] (m),329.8,401.4,54.492316,-115.680408,62.06,Duvernay,,,,,,Training
100063606625W500,1201.7,62.2,09_Montney_Top (Surbiton)[SSTVD] (m),1195.6,1329.7,54.753389,-117.648242,77.12,Duvernay,,,,,,Training
100070104810W500,820.9,43.3,03_1st_White_Speckled_Shale (Surbiton)[SSTVD] (m),605.4,912.7,53.111814,-115.326505,60.85,Duvernay,,,,,,Training
100070206217W500,1075.3,72.22,09_Montney_Top (Surbiton)[SSTVD] (m),1063.4,1096.6,54.333324,-116.433846,77.82,Duvernay,,,,,,Training
100070404912W500,2732.8500000000004,78.33,16_Elk_Point (Surbiton)[SSTVD] (m),2584.4,-460.2,53.197031,-115.691398,118.63,Duvernay,,,,,,Training
100070505818W500,1402.4,84.2,08_Jurassic_Top (Surbiton)[SSTVD] (m),1359.9,1435.9,53.983059,-116.637155,96.86,Duvernay,,,,,,Training
100070606504W500,310.79999999999995,39.44,07_Ostracod_Beds (Surbiton)[SSTVD] (m),290.68,397.8,54.593265,-114.589434,45.59,Duvernay,,,,,,Training
100070706314W500,1401.2,54.44,12_Winterburn (Surbiton)[SSTVD] (m),1381.7,1578.3,54.435444,-116.103871,84.82,Duvernay,,,,,,Training
100070906818W500,687.1,61.2,07_Ostracod_Beds (Surbiton)[SSTVD] (m),658.6,691.6,54.871538,-116.682211,63.61,Duvernay,,,,,,Training
100070907618W500,326.0,31.0,10_Permian_Top (Surbiton)[SSTVD] (m),310.5,935.5,55.566965,-116.726243,46.39,Duvernay,,,,,,Training
100071005813W500,1460.0500000000002,58.89,11_Wabamun (Surbiton)[SSTVD] (m),1275.3,1493.9,53.996245,-115.841973,79.65,Duvernay,,,,,,Training
100071106425W500,1459.8500000000004,49.44,09_Montney_Top (Surbiton)[SSTVD] (m),1438.3,1568.8,54.520545,-117.664359,87.47,Duvernay,,,,,,Training
100071306526W500,1013.5,59.4,06_Mannville_Top (Surbiton)[SSTVD] (m),892.43,1213.0,54.624256,-117.791832,72.92,Duvernay,,,,,,Training
100071406218W500,1001.8499999999998,70.0,07_Ostracod_Beds (Surbiton)[SSTVD] (m),979.3,1028.7,54.360373,-116.584778,73.83,Duvernay,,,,,,Training
100071406220W500,834.8499999999999,54.44,05_Fish_scales (Surbiton)[SSTVD] (m),821.7,863.8,54.361405,-116.885793,90.55555556,Duvernay,,,,,,Training
100071505518W500,1570.6,77.78,08_Jurassic_Top (Surbiton)[SSTVD] (m),1517.3,1908.9,53.749252,-116.586104,93.47,Duvernay,,,,,,Training
100071606224W500,1096.55,61.11,06_Mannville_Top (Surbiton)[SSTVD] (m),1086.9,1370.0,54.362365,-117.537463,80.03,Duvernay,,,,,,Training
100071906101W500,382.79999999999995,17.1,07_Ostracod_Beds (Surbiton)[SSTVD] (m),303.8,386.8,54.289952,-114.133423,45.33,Duvernay,,,,,,Training
100072103910W500,2224.15,107.22,08_Jurassic_Top (Surbiton)[SSTVD] (m),2107.4,2485.7,52.368626,-115.378202,118.23,Duvernay,,,,,,Training
100072106223W500,1312.0499999999997,48.89,07_Ostracod_Beds (Surbiton)[SSTVD] (m),1295.3,1411.0,54.374954,-117.384117,86.88,Duvernay,,,,,,Training
100072206324W500,795.2,42.22,04_2nd_White_Speckled_Shale (Surbiton)[SSTVD] (m),652.0,906.8,54.463561,-117.54198,61.78,Duvernay,,,,,,Training
100072304811W400,-64.04999999999995,23.33,05_Fish_scales (Surbiton)[SSTVD] (m),-76.5,94.5,53.151338,-111.499729,31.92,Duvernay,,,,,,Training
100072504410W500,2137.25,75.0,12_Winterburn (Surbiton)[SSTVD] (m),2081.7,2187.2,52.820202,-115.316462,102.27,Duvernay,,,,,,Training
100072507623W500,1942.8,81.0,16_Elk_Point (Surbiton)[SSTVD] (m),1941.6,1974.4,55.61364,-117.4238,82.04,Duvernay,,,,,,Training
100072605920W500,640.9999999999998,49.44,03_1st_White_Speckled_Shale (Surbiton)[SSTVD] (m),458.1,753.8,54.127756,-116.883642,62.77,Duvernay,,,,,,Training
100072706626W500,2770.3,78.6,16_Elk_Point (Surbiton)[SSTVD] (m),2764.6,43.8,54.741448,-117.842005,114.87,Duvernay,,,,,,Training
100072907222W500,1713.8000000000002,68.89,12_Winterburn (Surbiton)[SSTVD] (m),1631.6,1752.2,55.262529,-117.343404,85.62,Duvernay,,,,,,Training
100073005022W400,237.69999999999993,40.0,05_Fish_scales (Surbiton)[SSTVD] (m),214.6,284.0,53.343248,-113.205451,43.12,Duvernay,,,,,,Training
100073008009W500,1109.3,45.0,16_Elk_Point (Surbiton)[SSTVD] (m),1064.1,1109.5,55.961351,-115.393171,66.65,Duvernay,,,,,,Training
100073207810W500,1104.75,48.89,15_Beaverhill (Surbiton)[SSTVD] (m),991.2,1128.5,55.800206,-115.50959,65.58,Duvernay,,,,,,Training
100073306319W500,965.8999999999999,65.56,06_Mannville_Top (Surbiton)[SSTVD] (m),728.8,977.1,54.492518,-116.808359,69.18,Duvernay,,,,,,Training
100073405315W500,1423.4,85.5,08_Jurassic_Top (Surbiton)[SSTVD] (m),1360.2,1706.6,53.618102,-116.124757,84.47,Duvernay,,,,,,Training
100073506014W500,658.6500000000001,41.11,05_Fish_scales (Surbiton)[SSTVD] (m),626.1,669.3,54.229189,-115.98357,58.27,Duvernay,,,,,,Training
100073606118W500,2221.65,91.11,15_Beaverhill (Surbiton)[SSTVD] (m),2133.9,2262.5,54.31701,-116.55873,105.45,Duvernay,,,,,,Training
100080907321W500,466.79999999999995,42.6,06_Mannville_Top (Surbiton)[SSTVD] (m),127.3,472.3,55.309031,-117.158089,51.95,Duvernay,,,,,,Training
100081504804W500,730.9499999999999,54.44,05_Fish_scales (Surbiton)[SSTVD] (m),673.9,750.4,53.139629,-114.493002,60.0,Duvernay,,,,,,Training
100081805214W500,1181.3,55.9,05_Fish_scales (Surbiton)[SSTVD] (m),1142.3,1203.3,53.4876,-116.046564,76.67,Duvernay,,,,,,Training
100082003821W400,1102.2,65.56,13_Woodbend (Surbiton)[SSTVD] (m),923.0,1175.0,52.279188,-112.960596,71.95,Duvernay,,,,,,Training
100082304316W400,327.6,36.0,07_Ostracod_Beds (Surbiton)[SSTVD] (m),270.2,351.6,52.718386,-112.206149,46.33,Duvernay,,,,,,Training
100083005205W500,771.6,43.0,06_Mannville_Top (Surbiton)[SSTVD] (m),645.6,981.9,53.516071,-114.719821,62.68,Duvernay,,,,,,Training
100083305512W500,804.7499999999999,51.11,05_Fish_scales (Surbiton)[SSTVD] (m),782.5,837.3,53.793863,-115.713665,62.33,Duvernay,,,,,,Training
100090107716W500,-233.64999999999998,26.67,05_Fish_scales (Surbiton)[SSTVD] (m),-285.3,-220.1,55.645705,-116.333876,24.83,Duvernay,,,,,,Training
100091703425W400,810.3500000000001,65.56,06_Mannville_Top (Surbiton)[SSTVD] (m),663.0,997.6,51.920148,-113.503855,67.2,Duvernay,,,,,,Training
100091804909W500,722.1,29.7,03_1st_White_Speckled_Shale (Surbiton)[SSTVD] (m),524.1,816.1,53.230365,-115.299617,58.32,Duvernay,,,,,,Training
100092206315W500,802.3499999999999,75.56,08_Jurassic_Top (Surbiton)[SSTVD] (m),798.9,867.1,54.466601,-116.172869,72.17,Duvernay,,,,,,Training
100092304214W400,100.70000000000005,32.0,05_Fish_scales (Surbiton)[SSTVD] (m),75.9,128.5,52.633983,-111.905913,35.88,Duvernay,,,,,,Training
100092905518W500,1517.8000000000002,57.6,07_Ostracod_Beds (Surbiton)[SSTVD] (m),1453.3,1531.3,53.783969,-116.632855,94.0,Duvernay,,,,,,Training
100092906515W500,674.8,60.7,07_Ostracod_Beds (Surbiton)[SSTVD] (m),654.8,1100.3,54.657711,-116.225096,69.31,Duvernay,,,,,,Training
100092906917W500,728.4,57.2,10_Permian_Top (Surbiton)[SSTVD] (m),650.6,1084.7,55.004423,-116.549506,67.28,Duvernay,,,,,,Training
100093305512W500,1037.95,50.0,06_Mannville_Top (Surbiton)[SSTVD] (m),835.4,1323.0,53.797679,-115.716542,72.87,Duvernay,,,,,,Training
100100105619W500,1650.2500000000002,84.6,09_Montney_Top (Surbiton)[SSTVD] (m),1627.7,1940.7,53.811459,-116.684027,101.99,Duvernay,,,,,,Training
100100106518W500,438.0000000000002,44.44,04_2nd_White_Speckled_Shale (Surbiton)[SSTVD] (m),296.3,508.92,54.597989,-116.581044,50.66,Duvernay,,,,,,Training
100100205918W500,2356.3999999999996,82.22,15_Beaverhill (Surbiton)[SSTVD] (m),2284.4,2422.2,54.074754,-116.584378,114.45,Duvernay,,,,,,Training
100100206624W500,1152.4999999999998,53.33,07_Ostracod_Beds (Surbiton)[SSTVD] (m),1038.6,1160.7,54.685175,-117.514762,81.59,Duvernay,,,,,,Training
100100406315W500,916.9499999999998,51.11,10_Permian_Top (Surbiton)[SSTVD] (m),912.9,1209.1,54.423806,-116.202712,77.74,Duvernay,,,,,,Training
100100606117W500,1751.35,76.67,12_Winterburn (Surbiton)[SSTVD] (m),1717.5,1883.0,54.249774,-116.53543,94.01,Duvernay,,,,,,Training
100100606917W500,593.8000000000001,52.78,07_Ostracod_Beds (Surbiton)[SSTVD] (m),573.0,606.6,54.947747,-116.577246,68.33,Duvernay,,,,,,Training
100100704717W500,1536.1499999999999,24.0,03_1st_White_Speckled_Shale (Surbiton)[SSTVD] (m),1194.2,1674.2,53.042267,-116.472128,96.02,Duvernay,,,,,,Training
100100706017W500,2282.6,90.56,15_Beaverhill (Surbiton)[SSTVD] (m),2175.9,2332.0,54.176907,-116.534244,103.78,Duvernay,,,,,,Training
100100805919W500,1110.4,69.44,06_Mannville_Top (Surbiton)[SSTVD] (m),1091.5,1317.7,54.089493,-116.809579,73.05,Duvernay,,,,,,Training
100100806620W500,1704.9,68.33,11_Wabamun (Surbiton)[SSTVD] (m),1506.3,1737.0,54.700706,-116.983277,85.96,Duvernay,,,,,,Training
100100808007W500,1018.1999999999999,43.9,16_Elk_Point (Surbiton)[SSTVD] (m),1011.1,-337.2,55.922214,-115.053769,65.46,Duvernay,,,,,,Training
100100905816W500,752.0500000000001,43.89,04_2nd_White_Speckled_Shale (Surbiton)[SSTVD] (m),637.3,845.59,54.001109,-116.314394,70.74,Duvernay,,,,,,Training
100100906223W500,2248.4,87.37,12_Winterburn (Surbiton)[SSTVD] (m),2234.4,2400.0,54.351116,-117.384362,110.39,Duvernay,,,,,,Training
100100906321W500,2025.5999999999997,82.22,12_Winterburn (Surbiton)[SSTVD] (m),1998.9,2199.5,54.437948,-117.110847,95.57,Duvernay,,,,,,Training
100101007809W500,-33.5,37.78,07_Ostracod_Beds (Surbiton)[SSTVD] (m),-59.4,240.2,55.746677,-115.304675,32.59,Duvernay,,,,,,Training
100101106622W500,662.0,49.44,05_Fish_scales (Surbiton)[SSTVD] (m),574.95,671.1,54.700839,-117.210498,56.42,Duvernay,,,,,,Training
100101206315W500,1875.0,99.5,15_Beaverhill (Surbiton)[SSTVD] (m),1849.0,1973.0,54.437971,-116.12756,97.46,Duvernay,,,,,,Training
100101206413W500,610.5,35.0,06_Mannville_Top (Surbiton)[SSTVD] (m),420.3,960.4,54.526337,-115.822884,74.49,Duvernay,,,,,,Training
100101306920W500,671.35,48.89,07_Ostracod_Beds (Surbiton)[SSTVD] (m),651.2,676.1,54.976838,-116.907629,60.32,Duvernay,,,,,,Training
100101406216W500,639.5999999999999,51.11,05_Fish_scales (Surbiton)[SSTVD] (m),595.37,669.9,54.365007,-116.285128,64.57,Duvernay,,,,,,Training
100101406819W500,1980.5999999999997,95.0,15_Beaverhill (Surbiton)[SSTVD] (m),1938.3,2066.3,54.888282,-116.781809,99.64,Duvernay,,,,,,Training
100101503821W400,375.85,35.0,05_Fish_scales (Surbiton)[SSTVD] (m),362.1,423.1,52.268381,-112.919232,50.08,Duvernay,,,,,,Training
100101505918W500,2372.8500000000004,86.67,15_Beaverhill (Surbiton)[SSTVD] (m),2281.7,2414.6,54.102966,-116.611682,112.44,Duvernay,,,,,,Training
100101506609W500,1449.6999999999998,85.56,15_Beaverhill (Surbiton)[SSTVD] (m),1316.8,1467.7,54.713826,-115.271432,96.24,Duvernay,,,,,,Training
100101506718W500,2026.9,92.22,15_Beaverhill (Surbiton)[SSTVD] (m),1946.5,2051.6,54.80142,-116.654725,98.76,Duvernay,,,,,,Training
100101606027W400,1316.4,57.78,16_Elk_Point (Surbiton)[SSTVD] (m),1186.3,-365.6,54.190478,-113.985044,75.9,Duvernay,,,,,,Training
100101606419W500,691.55,50.0,05_Fish_scales (Surbiton)[SSTVD] (m),617.5,697.3,54.539847,-116.808394,76.66666667,Duvernay,,,,,,Training
100101606423W500,683.7,47.22,04_2nd_White_Speckled_Shale (Surbiton)[SSTVD] (m),519.1,783.3,54.53987,-117.413684,56.34,Duvernay,,,,,,Training
100101705323W400,868.8500000000001,75.56,14_Duvernay_Top (Surbiton)[SSTVD] (m),781.8,936.4,53.577778,-113.353021,61.55,Duvernay,,,,,,Training
100101706216W500,1047.3,65.0,10_Permian_Top (Surbiton)[SSTVD] (m),1024.4,1326.5,54.365991,-116.358144,78.02,Duvernay,,,,,,Training
100101706419W500,703.2,48.89,06_Mannville_Top (Surbiton)[SSTVD] (m),697.4,931.2,54.539845,-116.83359,61.66666667,Duvernay,,,,,,Training
100101706424W500,1317.3499999999997,56.67,08_Jurassic_Top (Surbiton)[SSTVD] (m),1309.53,1383.2,54.540411,-117.588809,84.58,Duvernay,,,,,,Training
100101706519W500,612.9499999999999,48.89,05_Fish_scales (Surbiton)[SSTVD] (m),540.4,631.2,54.627122,-116.833628,55.15,Duvernay,,,,,,Training
100101804316W400,836.4,60.0,15_Beaverhill (Surbiton)[SSTVD] (m),800.1,1009.8,52.707158,-112.309178,63.96,Duvernay,,,,,,Training
100101806316W500,973.0,65.56,09_Montney_Top (Surbiton)[SSTVD] (m),971.1,987.55,54.453408,-116.403419,81.59,Duvernay,,,,,,Training
100101806319W500,1025.3,65.56,06_Mannville_Top (Surbiton)[SSTVD] (m),778.4,1029.6,54.452156,-116.859501,70.38,Duvernay,,,,,,Training
100101806321W500,1216.45,26.67,07_Ostracod_Beds (Surbiton)[SSTVD] (m),1135.8,1240.8,54.453469,-117.159623,78.77,Duvernay,,,,,,Training
100101806523W500,590.7500000000001,54.44,04_2nd_White_Speckled_Shale (Surbiton)[SSTVD] (m),435.0,697.7,54.626984,-117.464349,55.28,Duvernay,,,,,,Training
100101806617W500,1525.1000000000001,67.22,12_Winterburn (Surbiton)[SSTVD] (m),1474.3,1616.1,54.714168,-116.556308,83.78,Duvernay,,,,,,Training
100101906018W500,2356.4999999999995,135.56,15_Beaverhill (Surbiton)[SSTVD] (m),2285.8,2409.6,54.204814,-116.685979,110.68,Duvernay,,,,,,Training
100102006216W500,647.8499999999999,40.56,05_Fish_scales (Surbiton)[SSTVD] (m),593.94,659.6,54.380721,-116.358758,62.85,Duvernay,,,,,,Training
100102006523W500,560.25,40.0,04_2nd_White_Speckled_Shale (Surbiton)[SSTVD] (m),421.2,687.3,54.641887,-117.438384,51.62,Duvernay,,,,,,Training
100102008007W500,-63.200000000000045,29.0,06_Mannville_Top (Surbiton)[SSTVD] (m),-290.7,108.3,55.950222,-115.055286,31.27,Duvernay,,,,,,Training
100102106215W500,612.8000000000001,59.44,05_Fish_scales (Surbiton)[SSTVD] (m),548.93,622.7,54.378899,-116.186815,66.62,Duvernay,,,,,,Training
100102107026W500,2531.5,81.0,16_Elk_Point (Surbiton)[SSTVD] (m),2526.5,-185.0,55.077833,-117.902413,103.68,Duvernay,,,,,,Training
100102205913W500,918.9499999999999,48.89,07_Ostracod_Beds (Surbiton)[SSTVD] (m),891.2,922.6,54.117687,-115.86082,67.62,Duvernay,,,,,,Training
100102206114W500,1890.3499999999997,85.56,15_Beaverhill (Surbiton)[SSTVD] (m),1855.6,1985.7,54.29281,-116.009868,99.52,Duvernay,,,,,,Training
100102206615W500,387.20000000000016,43.33,06_Mannville_Top (Surbiton)[SSTVD] (m),376.7,600.6,54.728749,-116.178276,58.88,Duvernay,,,,,,Training
100102306919W500,728.8,61.11,09_Montney_Top (Surbiton)[SSTVD] (m),715.7,756.6,54.992022,-116.779578,66.22,Duvernay,,,,,,Training
100102406114W500,588.25,46.11,05_Fish_scales (Surbiton)[SSTVD] (m),547.53,612.9,54.292814,-115.959886,60.17,Duvernay,,,,,,Training
100102504602W500,79.70000000000005,36.67,02_Lea_Park (Surbiton)[SSTVD] (m),95.1,95.1,52.998142,-114.156104,37.07,Duvernay,,,,,,Training
100102506318W500,2140.5,51.11,15_Beaverhill (Surbiton)[SSTVD] (m),2073.6,2178.1,54.481625,-116.58147,100.44,Duvernay,,,,,,Training
100102506415W500,693.6999999999998,51.11,07_Ostracod_Beds (Surbiton)[SSTVD] (m),671.4,738.8,54.568695,-116.127632,74.43,Duvernay,,,,,,Training
100102506527W500,398.20000000000005,38.5,03_1st_White_Speckled_Shale (Surbiton)[SSTVD] (m),191.4,506.7,54.656582,-117.941372,51.15,Duvernay,,,,,,Training
100102506620W500,527.2499999999998,58.33,05_Fish_scales (Surbiton)[SSTVD] (m),514.5,809.3,54.744379,-116.882431,53.79,Duvernay,,,,,,Training
100102508009W500,1050.6,57.22,16_Elk_Point (Surbiton)[SSTVD] (m),1040.0,1156.1,55.965337,-115.263272,65.23,Duvernay,,,,,,Training
100102606217W500,663.6500000000002,51.67,05_Fish_scales (Surbiton)[SSTVD] (m),612.6,682.4,54.39415,-116.435885,62.29,Duvernay,,,,,,Training
100102606619W500,806.4999999999999,50.0,07_Ostracod_Beds (Surbiton)[SSTVD] (m),767.6,807.7,54.74349,-116.758005,107.2222222,Duvernay,,,,,,Training
100102805216W500,160.9000000000001,42.22,02_Lea_Park (Surbiton)[SSTVD] (m),576.3,576.3,53.520811,-116.296419,37.54,Duvernay,,,,,,Training
100102805414W500,1381.35,71.11,08_Jurassic_Top (Surbiton)[SSTVD] (m),1255.5,1569.1,53.696652,-115.999342,79.71,Duvernay,,,,,,Training
100102906423W500,838.8,63.89,06_Mannville_Top (Surbiton)[SSTVD] (m),806.5,1108.8,54.568814,-117.43913,64.35,Duvernay,,,,,,Training
100102906625W500,736.4499999999999,39.44,06_Mannville_Top (Surbiton)[SSTVD] (m),727.8,1066.3,54.744112,-117.740061,57.54,Duvernay,,,,,,Training
100103003223W400,915.25,63.9,11_Wabamun (Surbiton)[SSTVD] (m),907.5,1130.7,51.775442,-113.248501,68.64,Duvernay,,,,,,Training
100103008009W500,1044.6,47.0,16_Elk_Point (Surbiton)[SSTVD] (m),1040.6,1056.3,55.965689,-115.393173,64.21,Duvernay,,,,,,Training
100103106307W500,363.4999999999999,45.0,06_Mannville_Top (Surbiton)[SSTVD] (m),268.6,432.49,54.495906,-115.044416,49.92,Duvernay,,,,,,Training
100103106317W500,911.4999999999999,67.22,07_Ostracod_Beds (Surbiton)[SSTVD] (m),900.4,922.0,54.496072,-116.556301,68.74,Duvernay,,,,,,Training
100103108008W500,1137.1,58.89,16_Elk_Point (Surbiton)[SSTVD] (m),1027.8,1152.8,55.979796,-115.237161,69.07,Duvernay,,,,,,Training
100103206321W500,389.0999999999999,43.33,03_1st_White_Speckled_Shale (Surbiton)[SSTVD] (m),223.1,500.5,54.496116,-117.136038,84.7,Duvernay,,,,,,Training
100103306127W400,1278.2000000000003,64.44,16_Elk_Point (Surbiton)[SSTVD] (m),1136.0,-256.3,54.32136,-113.984827,74.48,Duvernay,,,,,,Training
100103403221W400,588.2,49.44,06_Mannville_Top (Surbiton)[SSTVD] (m),466.3,723.6,51.789018,-112.895742,59.69,Duvernay,,,,,,Training
100103405818W500,2361.75,91.11,15_Beaverhill (Surbiton)[SSTVD] (m),2296.2,325.7,54.059675,-116.586606,113.9,Duvernay,,,,,,Training
100103406419W500,931.2500000000001,60.0,08_Jurassic_Top (Surbiton)[SSTVD] (m),927.8,1011.7,54.583397,-116.783207,97.38888889,Duvernay,,,,,,Training
100103407020W500,2020.0499999999997,71.67,15_Beaverhill (Surbiton)[SSTVD] (m),1958.3,2036.9,55.106848,-116.959872,93.03,Duvernay,,,,,,Training
100103505903W500,214.75,32.22,05_Fish_scales (Surbiton)[SSTVD] (m),153.0,233.5,54.146702,-114.336681,38.8,Duvernay,,,,,,Training
100103604301W500,81.34999999999991,37.78,02_Lea_Park (Surbiton)[SSTVD] (m),105.4,105.4,52.750682,-114.010907,42.22222222,Duvernay,,,,,,Training
100103605913W500,645.5500000000002,48.33,05_Fish_scales (Surbiton)[SSTVD] (m),590.79,663.2,54.147726,-115.8092,55.68,Duvernay,,,,,,Training
100110105618W500,1429.5,47.1,07_Ostracod_Beds (Surbiton)[SSTVD] (m),1381.7,1452.0,53.813892,-116.546353,93.83,Duvernay,,,,,,Training
100110105714W500,1203.35,91.11,06_Mannville_Top (Surbiton)[SSTVD] (m),872.4,1213.37,53.898066,-115.948853,78.57,Duvernay,,,,,,Training
100110105918W500,1361.5500000000002,79.44,10_Permian_Top (Surbiton)[SSTVD] (m),1360.6,1635.5,54.074147,-116.567939,92.51,Duvernay,,,,,,Training
100110106113W500,871.25,54.44,08_Jurassic_Top (Surbiton)[SSTVD] (m),852.5,1115.6,54.2487,-115.817002,66.65,Duvernay,,,,,,Training
100110206625W500,592.0500000000002,44.44,04_2nd_White_Speckled_Shale (Surbiton)[SSTVD] (m),408.4,764.1,54.685171,-117.67221,55.0,Duvernay,,,,,,Training
100110306020W500,1440.0000000000002,75.56,09_Montney_Top (Surbiton)[SSTVD] (m),1435.6,1492.3,54.159872,-116.918599,90.29,Duvernay,,,,,,Training
100110406626W500,1407.4499999999998,23.89,09_Montney_Top (Surbiton)[SSTVD] (m),1379.2,1553.0,54.685861,-117.875078,84.88,Duvernay,,,,,,Training
100110407421W500,448.54999999999995,40.1,07_Ostracod_Beds (Surbiton)[SSTVD] (m),420.91,455.3,55.382733,-117.168626,50.72,Duvernay,,,,,,Training
100110505515W500,1303.35,75.56,07_Ostracod_Beds (Surbiton)[SSTVD] (m),1242.1,1318.6,53.725958,-116.19845,79.13,Duvernay,,,,,,Training
100110505718W500,2508.85,121.11,15_Beaverhill (Surbiton)[SSTVD] (m),2457.9,2588.7,53.899156,-116.643824,128.98,Duvernay,,,,,,Training
100110606426W500,1055.1,60.0,06_Mannville_Top (Surbiton)[SSTVD] (m),1051.6,1352.6,54.511428,-117.926537,73.07,Duvernay,,,,,,Training
100110606726W500,2466.6000000000004,78.89,12_Winterburn (Surbiton)[SSTVD] (m),2360.4,2518.9,54.772294,-117.957209,105.77,Duvernay,,,,,,Training
100110607324W500,601.95,48.33,07_Ostracod_Beds (Surbiton)[SSTVD] (m),574.5,625.1,55.297159,-117.686224,59.78,Duvernay,,,,,,Training
100110806618W500,2097.0,77.78,15_Beaverhill (Surbiton)[SSTVD] (m),2006.8,2130.3,54.700326,-116.688413,100.44,Duvernay,,,,,,Training
100110806721W500,851.95,57.6,06_Mannville_Top (Surbiton)[SSTVD] (m),585.9,863.9,54.785849,-117.169008,64.14,Duvernay,,,,,,Training
100110905226W400,651.3000000000002,51.67,11_Wabamun (Surbiton)[SSTVD] (m),648.0,779.3,53.478012,-113.780388,55.42,Duvernay,,,,,,Training
100110906216W500,2044.7,95.56,15_Beaverhill (Surbiton)[SSTVD] (m),1990.6,2120.2,54.352022,-116.344429,101.77,Duvernay,,,,,,Training
100111107812W500,1283.5,57.22,16_Elk_Point (Surbiton)[SSTVD] (m),1250.5,1299.1,55.747495,-115.751415,75.35,Duvernay,,,,,,Training
100111406613W500,1694.1,96.0,15_Beaverhill (Surbiton)[SSTVD] (m),1588.1,1721.8,54.714775,-115.859122,108.2,Duvernay,,,,,,Training
100111506313W500,783.5999999999999,52.78,10_Permian_Top (Surbiton)[SSTVD] (m),763.0,1033.2,54.453056,-115.88314,75.74,Duvernay,,,,,,Training
100111506802W600,1210.9999999999998,44.44,07_Ostracod_Beds (Surbiton)[SSTVD] (m),1122.3,1239.0,54.888386,-118.221431,75.84,Duvernay,,,,,,Training
100111606819W500,837.15,60.0,09_Montney_Top (Surbiton)[SSTVD] (m),803.0,857.7,54.889602,-116.840591,69.33,Duvernay,,,,,,Training
100112106425W500,737.5999999999999,49.44,04_2nd_White_Speckled_Shale (Surbiton)[SSTVD] (m),548.1,853.1,54.555118,-117.724145,58.81,Duvernay,,,,,,Training
100112205512W400,-135.54999999999995,16.11,05_Fish_scales (Surbiton)[SSTVD] (m),-147.5,-100.9,53.767574,-111.702778,24.14,Duvernay,,,,,,Training
100112405614W500,2141.2,114.44,15_Beaverhill (Surbiton)[SSTVD] (m),2068.0,2200.0,53.856182,-115.950294,99.6,Duvernay,,,,,,Training
100112504718W500,1530.9,80.0,03_1st_White_Speckled_Shale (Surbiton)[SSTVD] (m),1210.1,1650.5,53.085581,-116.503677,95.08,Duvernay,,,,,,Training
100112506216W500,625.1500000000001,53.8,05_Fish_scales (Surbiton)[SSTVD] (m),596.9,627.9,54.39508,-116.268591,65.33,Duvernay,,,,,,Training
100112506523W500,1178.9499999999998,67.78,09_Montney_Top (Surbiton)[SSTVD] (m),1166.9,1270.4,54.657051,-117.345618,75.04,Duvernay,,,,,,Training
100112605315W500,1424.9,81.1,08_Jurassic_Top (Surbiton)[SSTVD] (m),1385.4,1698.4,53.609677,-116.102359,83.8,Duvernay,,,,,,Training
100112605814W500,2103.1,135.56,16_Elk_Point (Surbiton)[SSTVD] (m),2086.1,166.4,54.044315,-115.97458,104.18,Duvernay,,,,,,Training
100112606214W500,558.65,50.56,05_Fish_scales (Surbiton)[SSTVD] (m),493.92,567.2,54.39507,-115.994183,58.64,Duvernay,,,,,,Training
100112706316W500,932.7,71.11,10_Permian_Top (Surbiton)[SSTVD] (m),914.61,1253.4,54.482465,-116.337442,80.22,Duvernay,,,,,,Training
100113006919W500,797.5999999999998,60.0,10_Permian_Top (Surbiton)[SSTVD] (m),789.7,1274.6,55.005927,-116.891411,64.69,Duvernay,,,,,,Training
100113305613W500,1045.8000000000002,47.78,07_Ostracod_Beds (Surbiton)[SSTVD] (m),1027.5,1063.2,53.885686,-115.876819,68.52,Duvernay,,,,,,Training
100113306020W500,555.2,47.78,03_1st_White_Speckled_Shale (Surbiton)[SSTVD] (m),380.7,675.1,54.234502,-116.943683,98.88888889,Duvernay,,,,,,Training
100113405314W500,2354.3499999999995,91.67,15_Beaverhill (Surbiton)[SSTVD] (m),2251.9,2388.1,53.624142,-115.984954,103.87,Duvernay,,,,,,Training
100113603220W400,1276.5,58.33,15_Beaverhill (Surbiton)[SSTVD] (m),1150.3,1298.4,51.788694,-112.712281,79.78,Duvernay,,,,,,Training
100113606225W500,1469.2,69.5,07_Ostracod_Beds (Surbiton)[SSTVD] (m),1359.5,1475.9,54.409078,-117.618875,88.89,Duvernay,,,,,,Training
100113606412W500,1137.1999999999998,71.11,12_Winterburn (Surbiton)[SSTVD] (m),1103.4,1252.09,54.583751,-115.681484,82.25,Duvernay,,,,,,Training
100120106424W500,732.1000000000001,65.56,04_2nd_White_Speckled_Shale (Surbiton)[SSTVD] (m),591.9,847.0,54.510639,-117.501987,59.46,Duvernay,,,,,,Training
100120506319W500,2379.2999999999997,115.56,16_Elk_Point (Surbiton)[SSTVD] (m),2368.0,222.8,54.42382,-116.846038,104.43,Duvernay,,,,,,Training
100120903821W400,552.65,46.0,06_Mannville_Top (Surbiton)[SSTVD] (m),433.9,642.4,52.253543,-112.955636,58.38,Duvernay,,,,,,Training
100120906419W500,707.3999999999999,62.78,05_Fish_scales (Surbiton)[SSTVD] (m),629.4,708.0,54.525212,-116.820834,111.83333329999999,Duvernay,,,,,,Training
100121706626W500,839.9999999999999,55.56,06_Mannville_Top (Surbiton)[SSTVD] (m),832.7,1181.5,54.714234,-117.905341,65.33,Duvernay,,,,,,Training
100121806005W500,307.20000000000005,33.89,05_Fish_scales (Surbiton)[SSTVD] (m),256.74,334.9,54.190322,-114.748625,41.52,Duvernay,,,,,,Training
100121806417W500,852.6499999999999,65.56,06_Mannville_Top (Surbiton)[SSTVD] (m),616.3,862.6,54.539797,-116.56876,68.0,Duvernay,,,,,,Training
100122506218W500,2142.2,86.11,15_Beaverhill (Surbiton)[SSTVD] (m),2095.8,2218.4,54.395343,-116.571112,101.74,Duvernay,,,,,,Training
100122506919W500,708.1500000000001,54.44,09_Montney_Top (Surbiton)[SSTVD] (m),702.8,740.9,55.005652,-116.767923,66.84,Duvernay,,,,,,Training
100122806316W500,825.8,55.56,06_Mannville_Top (Surbiton)[SSTVD] (m),604.4,832.3,54.481571,-116.367536,75.23,Duvernay,,,,,,Training
100122905513W500,1251.65,60.0,06_Mannville_Top (Surbiton)[SSTVD] (m),944.5,1458.1,53.783206,-115.905665,74.91,Duvernay,,,,,,Training
100123305513W500,901.4500000000002,58.89,05_Fish_scales (Surbiton)[SSTVD] (m),846.57,921.1,53.797633,-115.880805,64.16,Duvernay,,,,,,Training
100123405407W500,811.05,46.67,08_Jurassic_Top (Surbiton)[SSTVD] (m),789.4,988.1,53.710327,-114.956279,61.58,Duvernay,,,,,,Training
100123506118W500,776.2,50.56,05_Fish_scales (Surbiton)[SSTVD] (m),769.0,795.8,54.322546,-116.597555,63.0,Duvernay,,,,,,Training
100123506318W500,971.3,69.2,07_Ostracod_Beds (Surbiton)[SSTVD] (m),910.3,972.8,54.497004,-116.616739,70.12,Duvernay,,,,,,Training
100123506419W500,972.9000000000002,37.78,08_Jurassic_Top (Surbiton)[SSTVD] (m),938.5,1009.2,54.583393,-116.770441,109.1111111,Duvernay,,,,,,Training
100123606419W500,1004.35,69.0,09_Montney_Top (Surbiton)[SSTVD] (m),999.6,1426.6,54.58341,-116.74629,70.62,Duvernay,,,,,,Training
100130806320W500,2424.9999999999995,122.22,15_Beaverhill (Surbiton)[SSTVD] (m),2349.1,2449.7,54.440365,-116.996209,104.91,Duvernay,,,,,,Training
100132006502W600,3084.5,108.6,15_Beaverhill (Surbiton)[SSTVD] (m),3068.1,208.5,54.643897,-118.271496,124.38,Duvernay,,,,,,Training
100132306325W500,1375.1999999999998,58.33,07_Ostracod_Beds (Surbiton)[SSTVD] (m),1317.2,1443.3,54.470022,-117.679349,84.73,Duvernay,,,,,,Training
100132405522W500,1063.9,58.3,03_1st_White_Speckled_Shale (Surbiton)[SSTVD] (m),811.4,1197.7,53.770426,-117.14186,72.44,Duvernay,,,,,,Training
100132503226W400,1288.9999999999998,65.56,12_Winterburn (Surbiton)[SSTVD] (m),1272.5,1331.0,51.778149,-113.568747,80.75,Duvernay,,,,,,Training
100140103123W400,469.4,43.33,05_Fish_scales (Surbiton)[SSTVD] (m),439.2,549.3,51.632566,-113.137838,55.13,Duvernay,,,,,,Training
100140206310W500,385.79999999999995,42.5,06_Mannville_Top (Surbiton)[SSTVD] (m),380.3,565.8,54.426356,-115.405585,53.38,Duvernay,,,,,,Training
100140307021W500,663.2,46.9,06_Mannville_Top (Surbiton)[SSTVD] (m),327.7,671.7,55.03664,-117.120132,56.96,Duvernay,,,,,,Training
100141006601W600,1654.6,68.0,10_Permian_Top (Surbiton)[SSTVD] (m),1648.1,2245.6,54.70314,-118.066016,78.05555556,Duvernay,,,,,,Training
100141103917W400,267.70000000000005,43.4,05_Fish_scales (Surbiton)[SSTVD] (m),254.7,306.7,52.346259,-112.346228,45.52,Duvernay,,,,,,Training
100141606818W500,646.4500000000002,48.89,06_Mannville_Top (Surbiton)[SSTVD] (m),377.6,654.3,54.89231,-116.686433,63.34,Duvernay,,,,,,Training
100142004127W400,867.4000000000001,37.78,06_Mannville_Top (Surbiton)[SSTVD] (m),707.4,872.9,52.548628,-113.858646,70.19,Duvernay,,,,,,Training
100142005315W500,1396.9,59.2,07_Ostracod_Beds (Surbiton)[SSTVD] (m),1357.26,1405.22,53.598401,-116.176963,84.45,Duvernay,,,,,,Training
100142306724W500,2388.1,98.4,14_Duvernay_Top (Surbiton)[SSTVD] (m),2352.3,2408.3,54.818416,-117.550413,104.74,Duvernay,,,,,,Training
100142904806W500,-630.95,37.78,02_Lea_Park (Surbiton)[SSTVD] (m),252.1,252.1,53.176431,-114.845703,8.37,Duvernay,,,,,,Training
100142906919W500,660.6999999999999,46.11,08_Jurassic_Top (Surbiton)[SSTVD] (m),654.2,713.9,55.008675,-116.864328,60.35,Duvernay,,,,,,Training
100143206412W500,1717.3000000000002,87.78,15_Beaverhill (Surbiton)[SSTVD] (m),1608.5,1754.8,54.586234,-115.78275,102.6,Duvernay,,,,,,Training
100150106318W500,958.9,94.0,07_Ostracod_Beds (Surbiton)[SSTVD] (m),950.1,968.9,54.426178,-116.58351,73.01,Duvernay,,,,,,Training
100150406512W500,1735.2499999999995,82.22,16_Elk_Point (Surbiton)[SSTVD] (m),1723.0,-193.8,54.600533,-115.748523,101.27,Duvernay,,,,,,Training
100151004919W500,2373.9,117.78,10_Permian_Top (Surbiton)[SSTVD] (m),2371.53,2677.9,53.219331,-116.692375,118.91,Duvernay,,,,,,Training
100152005416W500,1421.3,61.0,07_Ostracod_Beds (Surbiton)[SSTVD] (m),1351.0,1433.8,53.682984,-116.319727,83.48,Duvernay,,,,,,Training
100152507708W500,-74.39999999999998,40.0,06_Mannville_Top (Surbiton)[SSTVD] (m),-295.4,170.1,55.706252,-115.096153,33.32,Duvernay,,,,,,Training
100153208009W500,1099.2,50.0,17_Precambrian Basement (Surbiton)[SSTVD] (m),1098.2,-339.3,55.982031,-115.366771,66.44,Duvernay,,,,,,Training
100153504402W500,1287.8,71.3,12_Winterburn (Surbiton)[SSTVD] (m),1263.65,1333.5,52.840151,-114.180382,78.75,Duvernay,,,,,,Training
100153607812W500,-4.849999999999909,30.56,06_Mannville_Top (Surbiton)[SSTVD] (m),-296.2,2.2,55.808285,-115.71791,37.41,Duvernay,,,,,,Training
100160106122W500,929.7,50.0,04_2nd_White_Speckled_Shale (Surbiton)[SSTVD] (m),704.7,986.7,54.253472,-117.152971,90.0,Duvernay,,,,,,Training
100160206625W500,2638.35,88.6,15_Beaverhill (Surbiton)[SSTVD] (m),2594.4,2684.6,54.688119,-117.660947,111.07,Duvernay,,,,,,Training
100160906212W500,1740.3500000000004,90.56,15_Beaverhill (Surbiton)[SSTVD] (m),1683.1,1822.4,54.354066,-115.72971,94.24,Duvernay,,,,,,Training
100160906613W500,1159.6,43.0,12_Winterburn (Surbiton)[SSTVD] (m),1158.1,1317.6,54.701827,-115.897135,90.34,Duvernay,,,,,,Training
100161108108W500,1009.05,46.11,16_Elk_Point (Surbiton)[SSTVD] (m),1001.0,-380.7,56.01252,-115.126269,64.81,Duvernay,,,,,,Training
100161406821W500,2220.6,81.0,16_Elk_Point (Surbiton)[SSTVD] (m),2218.5,2425.0,54.89233,-117.082346,97.52,Duvernay,,,,,,Training
100161506319W500,1408.3,78.0,09_Montney_Top (Surbiton)[SSTVD] (m),1125.3,1530.6,54.454853,-116.77923,122.0,Duvernay,,,,,,Training
100161603725W400,583.9499999999999,52.22,05_Fish_scales (Surbiton)[SSTVD] (m),533.4,623.6,52.18456,-113.507767,60.55,Duvernay,,,,,,Training
100161706919W500,736.65,46.67,09_Montney_Top (Surbiton)[SSTVD] (m),734.8,792.1,54.979045,-116.852749,63.59,Duvernay,,,,,,Training
100161906819W500,718.2,61.11,07_Ostracod_Beds (Surbiton)[SSTVD] (m),699.5,721.1,54.906737,-116.877248,63.16,Duvernay,,,,,,Training
100162005425W400,479.0000000000002,37.78,11_Wabamun (Surbiton)[SSTVD] (m),465.4,630.6,53.685307,-113.642736,49.67,Duvernay,,,,,,Training
100162104913W500,1489.7499999999995,71.11,06_Mannville_Top (Surbiton)[SSTVD] (m),1312.2,1546.3,53.249109,-115.833574,89.01,Duvernay,,,,,,Training
100162703224W400,1518.9,73.1,15_Beaverhill (Surbiton)[SSTVD] (m),1344.71,1676.4,51.779407,-113.313012,86.79,Duvernay,,,,,,Training
100162706309W500,281.30000000000007,47.22,05_Fish_scales (Surbiton)[SSTVD] (m),279.5,315.6,54.484533,-115.265556,50.88,Duvernay,,,,,,Training
100162906116W500,714.0000000000002,22.22,05_Fish_scales (Surbiton)[SSTVD] (m),650.42,726.9,54.308851,-116.354378,62.92,Duvernay,,,,,,Training
100163406326W500,1468.7,69.0,07_Ostracod_Beds (Surbiton)[SSTVD] (m),1356.2,1481.2,54.499614,-117.838404,88.17,Duvernay,,,,,,Training
100163406826W500,1029.6,58.9,07_Ostracod_Beds (Surbiton)[SSTVD] (m),937.6,1071.1,54.934407,-117.871552,67.81,Duvernay,,,,,,Training
100163606918W500,1839.5,21.7,15_Beaverhill (Surbiton)[SSTVD] (m),1777.9,1842.96,55.022601,-116.598521,97.84,Duvernay,,,,,,Training
102052004217W400,234.5,33.33,05_Fish_scales (Surbiton)[SSTVD] (m),220.6,275.0,52.628834,-112.424803,41.98,Duvernay,,,,,,Training
102061003805W500,1072.8,59.5,04_2nd_White_Speckled_Shale (Surbiton)[SSTVD] (m),1026.3,1189.3,52.25288,-114.633346,73.64,Duvernay,,,,,,Training
102061504515W400,252.5,38.6,07_Ostracod_Beds (Surbiton)[SSTVD] (m),238.1,266.0,52.877383,-112.097822,42.79,Duvernay,,,,,,Training
102061504716W500,435.1500000000001,51.67,01_Battle (Surbiton)[SSTVD] (m),-372.4,967.5,53.052422,-116.259189,105.0,Duvernay,,,,,,Training
102071804513W400,249.20000000000005,35.3,12_Winterburn (Surbiton)[SSTVD] (m),240.7,293.7,52.879058,-111.876113,41.65,Duvernay,,,,,,Training
102142004709W500,1341.2,68.8,08_Jurassic_Top (Surbiton)[SSTVD] (m),1328.7,1616.2,53.072353,-115.285653,81.48,Duvernay,,,,,,Training
106141105522W400,98.39999999999998,23.33,05_Fish_scales (Surbiton)[SSTVD] (m),87.8,135.0,53.742427,-113.166376,32.98,Duvernay,,,,,,Training
